2,0.27,0.74,0.55,53.23,26.24,20.22,4,0,0,0
3,0.27,0.76,0.58,52.66,25.31,19.84,4,0,0,0
4,0.27,0.76,0.56,53.41,25.92,19.84,4,0,0,0
5,0.27,0.75,0.58,52.37,25.31,20.03,4,0,0,0
6,0.27,0.75,0.58,52.37,25.31,20.03,4,0,0,0
7,0.27,0.76,0.57,53.04,25.62,19.84,4,0,0,0
8,0.28,0.75,0.55,53.51,26.89,20.56,4,0,0,0
9,0.27,0.75,0.55,53.9,25.91,19.5,4,0,0,0
10,0.29,0.82,0.44,61.93,33.45,19.41,4,0,0,0
11,0.26,0.93,0.16,80.46,58.78,15.5,4,0,0,0
12,0.23,0.92,-0.16,99.62,124.59,13.81,6,0,0,0
13,0.16,0.88,-0.55,122.01,164.05,10.12,6,0,0,0
14,0.17,0.76,-0.48,122.59,160.46,12.78,6,0,0,0
15,0.26,0.82,-0.75,132.44,161.03,17.45,6,0,0,0
16,0.15,0.79,-0.21,104.97,144.87,10.65,6,0,0,0
17,0.23,0.89,0.18,78.59,51.58,14.27,1,0,0,0
18,0.24,0.89,0.28,72.47,40.73,15.21,1,0,0,0
19,0.22,0.89,0.3,71.57,36.38,13.8,1,0,0,0
20,0.2,0.91,0.28,72.76,35.84,12.63,1,0,0,0
21,0.22,0.91,0.27,73.21,38.66,13.57,1,0,0,0
22,0.22,0.9,0.28,72.62,37.87,13.68,1,0,0,0
23,0.22,0.91,0.27,73.8,39.47,13.46,1,0,0,0
24,0.23,0.9,0.23,75.38,44.03,14.15,1,0,0,0
25,0.23,0.92,0.23,75.74,45,14.26,1,0,0,0
26,0.23,0.92,0.21,77.11,47.05,13.81,1,0,0,0
27,0.23,0.95,0.16,80.61,55.41,13.48,1,0,0,0
28,0.22,0.93,0.13,82.34,60.26,13.24,1,0,0,0
29,0.23,0.92,0.14,81.33,58.17,13.81,1,0,0,0
30,0.23,0.93,0.14,81.4,59.04,14.15,1,0,0,0
31,0.23,0.92,0.13,81.8,60.46,14.26,1,0,0,0
32,0.23,0.94,0.13,82.41,61.93,14.04,1,0,0,0
33,0.23,0.93,0.14,81.4,59.04,14.15,1,0,0,0
34,0.23,0.93,0.13,81.87,59.62,13.7,1,0,0,0
35,0.23,0.93,0.14,81.4,58.17,13.7,1,0,0,0
36,0.23,0.93,0.14,81.4,59.04,14.15,1,0,0,0
37,0.23,0.94,0.13,81.94,60.46,14.04,1,0,0,0
38,0.23,0.95,0.13,82,60.46,13.92,1,0,0,0
39,0.23,0.93,0.13,82.34,61.93,14.15,1,0,0,0
40,0.2,0.91,0.12,82.69,60.02,12.53,1,0,0,0
41,0.05,0.95,0.06,86.25,41.19,3.28,2,0,0,0
42,0.29,0.96,0,90,90,16.74,2,0,0,0
43,0.32,0.92,0.07,85.64,77.62,19.16,2,0,0,0
44,0.21,0.96,0.16,80.76,53.47,12.38,2,0,0,0
45,0.08,0.98,0.09,84.52,39.81,4.57,2,0,0,0
46,0.16,1,0.13,82.87,51.34,8.88,2,0,0,0
47,0.25,0.91,-0.02,90.99,93.58,15.42,2,0,0,0
48,0.21,0.98,0.08,85.43,69.68,12.19,2,0,0,0
49,0.16,0.96,0.05,87.21,73.3,9.24,2,0,0,0
50,0.17,0.98,0.14,81.87,50.71,9.9,2,0,0,0
51,0.29,0.93,0.01,89.52,88.45,17.27,2,0,0,0
52,0.25,0.97,0.08,85.39,72.65,14.47,2,0,0,0
53,0.16,0.93,-0.01,90.48,92.86,9.54,2,0,0,0
54,0.14,1.01,0.09,84.69,56.31,7.94,2,0,0,0
55,0.27,0.92,-0.02,90.97,93.37,16.07,2,0,0,0
56,0.25,0.97,0.06,86.31,75.96,14.47,2,0,0,0
57,0.19,0.89,0.13,81.52,54.69,11.89,2,0,0,0
58,0.2,0.94,0.04,87.61,79.11,12.23,2,0,0,0
59,0.32,0.91,0.05,86.58,80.31,19.31,2,0,0,0
60,0.2,0.9,0.06,86.02,72.26,12.26,2,0,0,0
61,0.18,0.92,0.1,83.71,60.52,11.03,2,0,0,0
62,0.23,0.95,0.03,88.12,82.15,13.37,2,0,0,0
63,0.28,0.91,0.07,85.6,75.96,17.1,2,0,0,0
64,0.2,0.91,0.08,85.11,68.2,12.06,2,0,0,0
65,0.16,0.9,0.1,83.55,56.98,9.87,2,0,0,0
66,0.23,0.95,0,90,90,13.92,2,0,0,0
67,0.27,0.88,0.07,85.41,75.17,16.89,2,0,0,0
68,0.13,0.91,0.02,88.53,79.38,7.79,2,0,0,0
69,0.16,0.92,0.07,85.64,65.77,9.62,2,0,0,0
70,0.27,0.91,-0.05,92.96,99.73,16.79,2,0,0,0
71,0.3,0.91,0.08,85.07,75.62,18.58,2,0,0,0
72,0.13,0.91,0.01,89.51,86.42,7.85,2,0,0,0
73,0.15,0.94,0.11,83.35,53.62,9,2,0,0,0
74,0.28,0.91,0.01,89.51,88.41,17.24,2,0,0,0
75,0.3,0.91,0.08,85.11,75.26,17.99,2,0,0,0
76,0.17,1.05,0.05,87.01,72.35,9.32,2,0,0,0
77,0.27,0.92,0.02,89.03,86.73,16.52,2,0,0,0
78,0.36,0.9,0.09,84.54,76.55,21.8,2,0,0,0
79,0.21,0.94,0.05,87.14,77.47,12.68,2,0,0,0
80,0.19,0.92,0.11,83.23,59.74,11.5,2,0,0,0
81,0.3,0.88,-0.04,92.56,97.5,18.74,2,0,0,0
82,0.31,0.88,0.1,83.44,72,19.49,2,0,0,0
83,0.16,0.98,0.04,87.71,75.96,9.09,2,0,0,0
84,0.23,1,0.13,82.87,61.11,12.77,2,0,0,0
85,0.27,0.88,0.05,86.93,80.27,17.35,2,0,0,0
86,0.2,0.95,0.13,82.53,58.39,12.03,2,0,0,0
87,0.13,0.92,0.13,81.8,43.26,7.72,2,0,0,0
88,0.25,0.89,-0.06,94.01,104.04,15.68,2,0,0,0
89,0.26,0.98,0.09,84.56,70.02,14.68,2,0,0,0
90,0.13,0.93,0.1,83.77,50.91,7.66,2,0,0,0
91,0.16,1,0.05,86.87,70.71,8.88,2,0,0,0
92,0.25,0.91,0.13,82.15,63.43,15.42,2,0,0,0
93,0.05,0.85,-0.08,95.24,145.01,3.67,2,0,0,0
94,0.02,0.92,0.05,87.09,18.43,0.97,2,0,0,0
95,-0.12,1.01,-0.17,99.68,-145.71,-6.63,2,0,0,0
96,0.14,0.93,-0.02,90.96,96.34,8.6,2,0,0,0
97,-0.04,1.01,-0.09,94.87,-155.56,-2.22,2,0,0,0
98,-0.21,0.91,-0.19,101.69,-131.63,-13.1,2,0,0,0
99,0.07,0.84,-0.2,103.66,160.91,4.81,5,0,0,0
100,0.14,0.76,-0.42,119.1,161.57,10.51,5,0,0,0
101,0.04,0.61,-0.77,141.77,177.11,3.67,5,0,0,0
102,0.22,1.26,-0.49,111.37,156.04,9.87,5,0,0,0
103,0.17,0.95,0.08,85.28,65.56,10.3,4,0,0,0
104,0.25,0.91,0.18,78.88,54.29,15.3,4,0,0,0
105,0.23,0.93,0.15,80.93,57.65,14.15,4,0,0,0
106,0.25,0.94,0.16,80.54,57.99,14.93,4,0,0,0
107,0.24,0.93,0.13,82.34,62.7,14.6,4,0,0,0
108,0.23,0.93,0.12,82.82,63.43,14.15,4,0,0,0
109,0.25,0.92,0.13,81.8,62.02,15.17,4,0,0,0
110,0.24,0.92,0.12,82.76,64.18,14.72,4,0,0,0
111,0.25,0.91,0.05,87.06,79.38,15.3,4,0,0,0
112,0.37,0.86,-0.29,108.59,128.21,23.14,4,0,0,0
113,0.38,0.84,-0.29,108.91,127.06,24.4,4,0,0,0
114,0.31,0.86,0.02,88.44,85.71,19.98,4,0,0,0
115,0.36,0.88,0.2,77.04,60.52,22.15,4,0,0,0
116,0.59,0.67,0.44,56.93,53.62,41.47,4,0,0,0
117,0.52,0.3,0.8,20.43,33.3,60.44,4,0,0,0
118,0.2,-0.21,1.08,-11.07,10.67,136.08,4,0,0,0
119,0.3,-0.07,0.96,-4.18,17.17,103.32,4,0,0,0
0,0.31,-0.13,0.98,-7.68,17.61,113.03,0,0,0,0
1,0.3,-0.15,0.95,-8.85,17.73,115.97,0,0,0,0
2,0.3,-0.18,0.97,-10.51,17.04,121.18,0,0,0,0
3,0.3,-0.15,0.96,-8.78,17.17,116.57,0,0,0,0
4,0.29,-0.16,0.95,-9.77,16.87,119.58,0,0,0,0
5,0.3,-0.16,0.95,-9.85,17.86,118.3,0,0,0,0
6,0.3,-0.16,0.95,-9.77,17.73,118.3,0,0,0,0
7,0.3,-0.18,0.96,-10.59,17.17,121.18,0,0,0,0
8,0.29,-0.17,0.95,-10.22,16.87,120.74,0,0,0,0
9,0.3,-0.16,0.95,-9.77,17.73,118.3,0,0,0,0
10,0.3,-0.17,0.96,-10.14,17.59,119.43,0,0,0,0
11,0.31,-0.16,0.96,-9.69,18.01,117.7,0,0,0,0
12,0.32,-0.17,0.96,-10.14,18.43,118.22,0,0,0,0
13,0.3,-0.16,0.95,-9.77,17.73,118.3,0,0,0,0
14,0.31,-0.16,0.96,-9.69,18.01,117.7,0,0,0,0
15,0.31,-0.16,0.96,-9.69,18.01,117.7,0,0,0,0
16,0.31,-0.16,0.96,-9.69,18.01,117.7,0,0,0,0
17,0.31,-0.16,0.95,-9.85,18.29,117.7,0,0,0,0
18,0.31,-0.17,0.95,-10.22,18.15,118.81,0,0,0,0
19,0.31,-0.16,0.96,-9.69,18.01,117.7,0,0,0,0
20,0.32,-0.18,0.95,-10.68,18.58,119.29,0,0,0,0
21,0.3,-0.16,0.97,-9.61,17.46,118.3,0,0,0,0
22,0.31,-0.17,0.97,-10.06,17.88,118.81,0,0,0,0
23,0.3,-0.17,0.95,-10.3,17.86,119.43,0,0,0,0
24,0.31,-0.16,0.95,-9.77,18.15,117.7,0,0,0,0
25,0.28,-0.16,0.96,-9.69,16.31,120.26,0,0,0,0
26,0.31,-0.17,0.96,-10.14,18.01,118.81,0,0,0,0
27,0.3,-0.16,0.95,-9.77,17.73,118.3,0,0,0,0
28,0.31,-0.16,0.95,-9.77,18.15,117.7,0,0,0,0
29,0.31,-0.18,0.96,-10.59,18.01,119.9,0,0,0,0
30,0.3,-0.16,0.95,-9.85,17.86,118.3,0,0,0,0
31,0.31,-0.16,0.96,-9.69,18.01,117.7,0,0,0,0
32,0.3,-0.17,0.96,-10.14,17.59,119.43,0,0,0,0
33,0.31,-0.17,0.96,-10.14,18.01,118.81,0,0,0,0
34,0.32,-0.17,0.96,-10.14,18.43,118.22,0,0,0,0
35,0.31,-0.17,0.96,-10.14,18.01,118.81,0,0,0,0
36,0.3,-0.16,0.95,-9.31,17.73,117.15,4,0,0,0
37,0.39,-0.03,0.96,-1.86,22.12,94.57,4,0,0,0
38,0.63,0.31,0.78,21.8,38.66,63.43,4,0,0,0
39,0.47,0.68,0.52,52.4,41.85,34.59,4,0,0,0
40,0.27,0.87,0.31,70.18,41.19,17.5,4,0,0,0
41,0.21,0.95,0.13,82.47,59.35,12.58,4,0,0,0
42,0.08,0.97,0.07,85.85,48.01,4.61,4,0,0,0
43,0.17,0.88,-0.12,97.63,124.29,11.11,4,0,0,0
44,0.16,0.88,-0.46,117.78,161.27,10.12,4,0,0,0
45,0.1,0.9,-0.33,110.06,162.8,6.45,4,0,0,0
46,0.19,0.91,-0.03,91.97,99.46,11.69,4,0,0,0
47,0.22,0.95,0.08,85.28,70.35,13.03,4,0,0,0
48,0.21,0.95,0.02,88.58,83.66,12.58,4,0,0,0
49,0.21,0.96,0,90,90,12.38,4,0,0,0
50,0.21,0.94,-0.01,90.48,92.12,12.68,4,0,0,0
51,0.21,0.95,0.02,89.05,85.76,12.58,4,0,0,0
52,0.22,0.94,0.01,89.52,87.95,13.13,4,0,0,0
53,0.22,0.94,0,90,90,13.13,4,0,0,0
54,0.21,0.95,0.01,89.53,87.88,12.58,4,0,0,0
55,0.21,0.94,0.02,89.05,85.76,12.68,4,0,0,0
56,0.21,0.93,0,90,90,12.78,4,0,0,0
57,0.21,0.95,0,90,90,12.48,4,0,0,0
58,0.22,0.94,-0.02,90.95,94.09,13.13,4,0,0,0
59,0.21,0.93,-0.01,90.48,92.12,12.78,4,0,0,0
60,0.22,0.93,-0.11,96.71,116.57,13.24,6,0,0,0
61,0.19,0.86,-0.38,113.57,153.43,12.31,6,0,0,0
62,0.15,0.78,-0.61,127.95,166.31,10.76,6,0,0,0
63,0.12,0.66,-0.82,141.01,171.87,10.01,6,0,0,0
64,0.15,0.71,-0.52,126.36,164.17,11.79,6,0,0,0
65,0.26,0.85,0.11,82.68,67.01,16.84,1,0,0,0
66,0.23,0.88,0.29,71.87,38.09,14.39,1,0,0,0
67,0.26,0.9,0.25,74.45,45.88,16.01,1,0,0,0
68,0.27,0.91,0.19,78.41,54.78,16.2,1,0,0,0
69,0.26,0.93,0.13,82.34,64.13,15.5,1,0,0,0
70,0.26,0.93,0.13,82.34,64.13,15.5,1,0,0,0
71,0.26,0.95,0.12,82.93,65.56,15.26,1,0,0,0
72,0.26,0.93,0.13,81.87,62.74,15.5,1,0,0,0
73,0.26,0.94,0.12,82.87,65.56,15.38,1,0,0,0
74,0.26,0.92,0.13,81.8,62.74,15.62,1,0,0,0
75,0.24,0.93,0.13,82.34,62.7,14.6,1,0,0,0
76,0.26,0.94,0.12,82.87,65.56,15.38,1,0,0,0
77,0.26,0.93,0.1,83.77,68.5,15.5,1,0,0,0
78,0.27,0.93,0.1,83.77,69.08,15.95,1,0,0,0
79,0.26,0.94,0.09,84.29,70.02,15.38,1,0,0,0
80,0.26,0.93,0.09,84.24,70.02,15.5,1,0,0,0
81,0.26,0.93,0.1,83.77,68.5,15.5,1,0,0,0
82,0.26,0.93,0.1,83.77,68.5,15.5,1,0,0,0
83,0.27,0.93,0.09,84.72,72.07,15.95,1,0,0,0
84,0.26,0.93,0.08,85.2,73.14,15.5,1,0,0,0
85,0.26,0.91,0.09,84.14,70.02,15.75,1,0,0,0
86,0.24,0.94,0.02,89.05,86.31,14.48,1,0,0,0
87,0.12,0.96,-0.02,91.4,101.31,6.95,1,0,0,0
88,0.3,0.91,-0.03,91.96,95.86,18.43,1,0,0,0
89,0.3,0.92,0.02,88.54,85.6,18.29,1,0,0,0
90,0.11,0.92,0.01,89.51,85.91,6.77,1,0,0,0
91,0.22,1.01,0.06,86.45,74.05,12.25,2,0,0,0
92,0.34,0.88,0.07,85.41,78.18,21,2,0,0,0
93,0.2,0.95,0.06,86.25,72.9,12.03,2,0,0,0
94,0.17,0.91,0.11,83.18,57.53,10.65,2,0,0,0
95,0.34,0.86,-0.08,95.19,103.09,21.35,2,0,0,0
96,0.29,0.93,0.06,86.15,77.8,17.27,2,0,0,0
97,0.16,0.96,0.07,85.82,66.8,9.69,2,0,0,0
98,0.2,0.96,0.02,89.07,85.6,11.94,2,0,0,0
99,0.33,0.9,0.02,89,87.27,20.06,2,0,0,0
100,0.16,0.91,0.01,89.51,87.27,10.18,2,0,0,0
101,0.15,0.97,0.09,84.47,57.72,8.71,2,0,0,0
102,0.25,0.9,-0.05,92.99,100.62,15.55,2,0,0,0
103,0.26,0.94,0.08,85.24,73.14,15.38,2,0,0,0
104,0.13,0.92,0.02,88.54,79.38,7.72,2,0,0,0
105,0.15,0.98,0.05,87.25,72.47,8.64,2,0,0,0
106,0.29,0.94,0,90,90,17.14,2,0,0,0
107,0.21,0.97,0.13,82.19,57.8,12.28,2,0,0,0
108,0.17,0.89,0.1,83.49,59.42,10.92,2,0,0,0
109,0.2,0.98,0.09,85.01,67.07,11.66,2,0,0,0
110,0.35,0.91,0,90,90,21.04,2,0,0,0
111,0.26,0.9,0.03,88.01,83.09,16.01,2,0,0,0
112,0.19,0.95,0.09,84.34,63.43,11.22,2,0,0,0
113,0.27,0.94,0.01,89.52,88.32,15.82,2,0,0,0
114,0.35,0.88,0.05,86.96,82.41,21.71,2,0,0,0
115,0.13,0.95,-0.02,91.42,100.01,8,2,0,0,0
116,0.13,0.98,0.07,85.91,62.1,7.68,2,0,0,0
117,0.33,0.96,0.05,86.74,80.54,18.85,2,0,0,0
118,0.23,0.98,0.02,89.08,86.19,13.5,2,0,0,0
119,0.16,0.9,0.1,83.55,56.98,9.87,2,0,0,0
1,0.22,0.7,0.66,46.32,18.23,17.46,4,0,0,0
2,0.21,0.7,0.67,45.98,17.43,16.88,4,0,0,0
3,0.22,0.69,0.66,45.99,18.23,17.65,4,0,0,0
4,0.22,0.7,0.66,46.32,18.23,17.46,4,0,0,0
5,0.22,0.69,0.68,45.33,17.84,17.65,4,0,0,0
6,0.22,0.7,0.66,46.32,18.23,17.46,4,0,0,0
7,0.22,0.7,0.67,45.98,18.03,17.46,4,0,0,0
8,0.22,0.7,0.68,45.65,17.84,17.46,4,0,0,0
9,0.21,0.7,0.67,46.3,17.43,16.7,4,0,0,0
10,0.23,0.69,0.67,45.66,18.63,18.24,4,0,0,0
11,0.22,0.7,0.67,45.98,18.03,17.46,4,0,0,0
12,0.21,0.7,0.68,45.65,17.24,16.88,4,0,0,0
13,0.22,0.7,0.66,46.32,18.23,17.46,4,0,0,0
14,0.22,0.7,0.66,46.66,18.43,17.46,4,0,0,0
15,0.23,0.7,0.66,46.97,19.05,17.86,4,0,0,0
16,0.23,0.7,0.66,46.66,19.05,18.05,4,0,0,0
17,0.26,0.77,0.55,54.08,24.93,18.61,4,0,0,0
18,0.22,0.86,0.36,67.31,31.33,14.28,4,0,0,0
19,0.3,1.08,-0.28,104.62,133.45,15.4,6,0,0,0
20,0.21,1.14,-0.42,110.3,153.43,10.48,6,0,0,0
21,0.1,0.69,-0.13,100.3,140.91,8.4,6,0,0,0
22,0.25,0.87,0.34,68.82,36.66,16.08,1,0,0,0
23,0.2,0.87,0.34,68.38,30.58,13.18,1,0,0,0
24,0.21,0.9,0.3,71.27,34.7,13.21,1,0,0,0
25,0.23,0.88,0.32,70.06,35.27,14.39,1,0,0,0
26,0.21,0.89,0.3,71.11,34.7,13.32,1,0,0,0
27,0.21,0.9,0.31,70.82,34.02,13.21,1,0,0,0
28,0.23,0.9,0.31,70.82,35.94,14.15,1,0,0,0
29,0.22,0.89,0.3,71.11,35.68,13.8,1,0,0,0
30,0.22,0.89,0.32,70.22,34.33,13.8,1,0,0,0
31,0.22,0.89,0.31,70.67,34.99,13.8,1,0,0,0
32,0.22,0.88,0.31,70.51,34.99,13.92,1,0,0,0
33,0.21,0.89,0.32,70.22,33.37,13.32,1,0,0,0
34,0.22,0.89,0.31,70.67,34.99,13.8,1,0,0,0
35,0.22,0.88,0.32,70.06,34.33,13.92,1,0,0,0
36,0.23,0.9,0.29,72.16,38.09,14.15,1,0,0,0
37,0.19,0.91,0.24,75.04,37.75,11.69,2,0,0,0
38,0,0.91,0.29,72.45,0,0,2,0,0,0
39,0.07,0.98,0.31,72.26,12.68,4.12,2,0,0,0
40,0.34,0.91,-0.02,90.99,92.66,20.34,2,0,0,0
41,0.27,0.85,0.18,78.08,55.92,17.32,2,0,0,0
42,0.33,0.84,0.32,69.21,45.69,21.25,2,0,0,0
43,-0.05,0.94,0.13,82.41,-23.63,-3.34,2,0,0,0
44,-0.01,0.87,0.26,73.44,-1.74,-0.52,2,0,0,0
45,0.14,0.97,0.3,72.96,25.35,8.26,2,0,0,0
46,0.29,0.87,0.05,86.39,79.29,18.43,2,0,0,0
47,0.05,0.91,0.33,70.1,9.46,3.45,2,0,0,0
48,0.34,0.86,0.01,89.48,88.7,21.8,2,0,0,0
49,0.26,1,0.17,80.25,56.31,14.46,2,0,0,0
50,0.14,0.87,0.24,74.4,30.14,9.21,2,0,0,0
51,0.34,0.9,0.13,82.08,70.02,20.94,2,0,0,0
52,0.27,1.04,0.36,70.92,37.27,14.74,2,0,0,0
53,0.15,0.87,0.29,71.57,27.18,9.71,2,0,0,0
54,0.3,0.87,0.12,82.3,68.46,18.9,2,0,0,0
55,0.27,0.91,0.27,73.8,45.83,16.65,2,0,0,0
56,0.14,0.88,0.3,71.26,25.35,9.13,2,0,0,0
57,0.25,0.75,0.15,78.8,59.3,18.43,2,0,0,0
58,0.3,0.84,0.27,71.89,48.09,20.03,2,0,0,0
59,0.15,0.91,0.28,72.76,27.82,9.3,2,0,0,0
60,0.24,0.89,0.25,74.32,44.09,15.21,2,0,0,0
61,0.3,0.85,0.3,70.31,44.26,19.22,2,0,0,0
62,0.14,1,0.23,76.81,30.96,8,2,0,0,0
63,0.16,1.01,0.28,74.41,29.05,8.81,2,0,0,0
64,0.29,0.9,0.3,71.27,43.49,17.84,2,0,0,0
65,0.06,0.84,0.15,79.93,22.83,4.28,2,0,0,0
66,0.14,0.98,0.31,72.39,24.23,8.13,2,0,0,0
67,0.3,0.81,0.29,70.42,46.51,20.56,2,0,0,0
68,0.03,0.76,0.19,76.1,9.46,2.36,2,0,0,0
69,0.15,0.93,0.29,72.73,27.18,9.07,2,0,0,0
70,0.24,0.88,0.27,72.65,41.53,15.47,2,0,0,0
71,0.19,0.97,0.24,75.96,37.75,10.95,2,0,0,0
72,0.11,0.91,0.28,72.9,21.25,6.82,2,0,0,0
73,0.3,0.91,0.26,74.25,49.03,17.99,2,0,0,0
74,0.22,1,0.25,75.96,41.19,12.34,2,0,0,0
75,0.09,0.98,0.25,75.75,20.56,5.44,2,0,0,0
76,0.29,0.84,0.31,69.68,42.77,18.91,2,0,0,0
77,0.09,0.91,0.23,75.5,20.14,5.42,2,0,0,0
78,0.1,0.93,0.24,75.4,22.75,6.23,2,0,0,0
79,0.26,0.78,0.28,70.2,42.51,18.26,2,0,0,0
80,0.13,0.92,0.24,75.28,27.3,7.72,2,0,0,0
81,0.11,0.95,0.24,75.74,24.3,6.55,2,0,0,0
82,0.26,0.84,0.26,72.86,45,17.14,2,0,0,0
83,0.05,0.84,0.17,78.38,15.26,3.21,2,0,0,0
84,0.08,0.91,0.28,72.76,15.52,4.93,2,0,0,0
85,0.25,0.87,0.2,76.82,50.91,16.08,2,0,0,0
86,-0.05,0.92,0.09,84.19,-26.57,-2.91,2,0,0,0
87,-0.03,0.95,0.15,81.15,-11.89,-1.88,2,0,0,0
88,0.26,0.9,0.22,76.32,49.69,16.01,2,0,0,0
89,0.28,0.89,0.3,71.57,43.45,17.53,2,0,0,0
90,0.14,0.84,0.29,71.09,25.94,9.46,2,0,0,0
91,0.32,0.85,0.16,79.09,62.88,20.61,2,0,0,0
92,0.33,0.89,0.25,74.32,52.7,20.22,2,0,0,0
93,0.16,0.84,0.28,71.57,29.05,10.49,2,0,0,0
94,0.29,0.94,0.23,75.96,50.96,17.14,2,0,0,0
95,0.3,0.88,0.3,70.96,44.26,18.59,2,0,0,0
96,0.14,0.84,0.31,69.68,24.23,9.46,2,0,0,0
97,0.27,0.94,0.23,76.41,49.54,15.82,2,0,0,0
98,0.27,0.88,0.31,70.35,40.36,16.89,2,0,0,0
99,0.15,0.85,0.3,70.78,26.57,9.89,2,0,0,0
100,0.26,0.77,0.12,81.3,65.56,18.61,2,0,0,0
101,0.25,0.92,0.35,69.13,35.42,15.17,2,0,0,0
102,0.09,0.85,0.34,68.47,15.59,6.28,2,0,0,0
103,0.27,0.96,0.23,76.73,50.36,15.88,2,0,0,0
104,0.21,1.12,0.33,73.63,32.74,10.69,2,0,0,0
105,0.1,0.9,0.29,72.16,19.36,6.45,2,0,0,0
106,0.24,0.82,0.27,72.06,42.36,16.45,2,0,0,0
107,0.05,0.78,0.11,82.03,26.57,4,2,0,0,0
108,0.18,1.09,0.32,73.57,29.29,9.4,2,0,0,0
109,0.27,0.87,0.29,71.57,42.58,17.03,2,0,0,0
110,0.1,0.85,0.27,72.68,20.92,6.8,2,0,0,0
111,0.22,1.02,0.19,79.54,49.4,12.15,2,0,0,0
112,0.17,1.09,0.31,74.05,28.81,8.93,2,0,0,0
113,0.09,0.96,0.25,75.42,18.97,5.11,2,0,0,0
114,0.24,0.79,0.25,72.42,44.09,17.06,2,0,0,0
115,0.19,1.02,0.19,79.54,45,10.46,2,0,0,0
116,0.23,1.13,0.23,78.61,45,11.39,2,0,0,0
117,0.26,0.87,0.15,80.29,60.07,16.56,2,0,0,0
118,0.01,0.98,0.13,82.26,3.37,0.46,2,0,0,0
119,0.23,0.98,0.15,81.42,56.77,12.96,2,0,0,0
0,0.23,0.88,0.34,68.55,33.39,14.52,1,0,0,0
1,0.22,0.88,0.33,69.61,33.69,13.92,1,0,0,0
2,0.23,0.88,0.34,69.17,34.9,14.87,1,0,0,0
3,0.23,0.89,0.33,69.78,34.62,14.27,1,0,0,0
4,0.23,0.88,0.3,70.96,36.63,14.39,1,0,0,0
3,0.23,0.89,0.33,69.78,34.62,14.27,1,0,0,0
4,0.23,0.88,0.3,70.96,36.63,14.39,1,0,0,0
5,0.23,0.89,0.31,70.67,36.87,14.74,1,0,0,0
6,0.23,0.88,0.33,69.61,35.54,14.87,1,0,0,0
7,0.23,0.88,0.32,70.06,36.19,14.87,1,0,0,0
2,0.26,0.7,0.64,47.66,21.92,20.14,4,0,0,0
3,0.25,0.7,0.66,46.97,20.85,19.57,4,0,0,0
4,0.25,0.7,0.65,47,21.08,19.78,4,0,0,0
5,0.27,0.69,0.65,46.67,22.28,21.12,4,0,0,0
6,0.24,0.7,0.64,47.34,20.71,19.2,4,0,0,0
7,0.23,0.7,0.65,47,19.87,18.63,4,0,0,0
8,0.26,0.7,0.63,48.01,22.17,20.14,4,0,0,0
9,0.26,0.7,0.64,47.66,21.92,20.14,4,0,0,0
10,0.26,0.7,0.64,47.66,21.92,20.14,4,0,0,0
11,0.26,0.7,0.63,48.01,22.17,20.14,4,0,0,0
12,0.25,0.72,0.63,48.99,21.8,19.18,4,0,0,0
13,0.26,0.7,0.63,47.69,22.17,20.34,4,0,0,0
14,0.25,0.7,0.64,47.66,21.32,19.57,4,0,0,0
15,0.25,0.72,0.64,48.29,21.32,19.18,4,0,0,0
16,0.26,0.7,0.64,47.66,21.92,20.14,4,0,0,0
17,0.26,0.7,0.63,47.69,22.17,20.34,4,0,0,0
18,0.26,0.76,0.56,53.41,24.62,18.79,4,0,0,0
19,0.3,0.91,0.09,84.14,72.9,18.43,4,0,0,0
20,0.27,0.86,-0.32,110.44,140.33,17.18,6,0,0,0
21,0.32,0.95,-0.25,104.7,127.97,18.58,6,0,0,0
22,0.3,0.91,-0.09,95.86,107.1,18.43,6,0,0,0
23,0.34,0.89,0.06,85.99,79.46,20.67,1,0,0,0
24,0.31,0.85,0.29,71.25,47.23,20.15,1,0,0,0
25,0.29,0.83,0.43,62.58,33.93,19.24,1,0,0,0
26,0.3,0.82,0.45,61.08,33.23,19.9,1,0,0,0
27,0.3,0.83,0.45,61.31,33.92,20.2,1,0,0,0
28,0.3,0.84,0.46,61.13,33.47,20.03,1,0,0,0
29,0.29,0.82,0.45,61.08,32.54,19.41,1,0,0,0
30,0.3,0.82,0.44,61.93,34.85,20.38,1,0,0,0
31,0.3,0.84,0.45,61.54,33.23,19.55,1,0,0,0
32,0.29,0.83,0.45,61.73,32.99,19.24,1,0,0,0
33,0.29,0.84,0.44,62.37,33.45,19.08,1,0,0,0
34,0.29,0.82,0.44,61.93,33.45,19.41,1,0,0,0
35,0.27,0.84,0.45,61.96,31.55,18.11,1,0,0,0
36,0.27,0.88,0.41,65.1,33.94,17.35,1,0,0,0
37,0.25,0.86,0.38,66.43,33.69,16.22,1,0,0,0
38,0.2,0.9,0.41,65.67,25.68,12.26,1,0,0,0
39,0.21,0.86,0.4,65.13,27.9,13.79,1,0,0,0
40,0.27,0.89,0.34,68.9,38.5,17.07,1,0,0,0
41,0.35,0.88,0.35,68.11,45,21.89,1,0,0,0
42,0.36,0.8,0.33,67.82,47.6,24.07,1,0,0,0
43,0.29,0.88,0.28,72.18,45.78,18.28,2,0,0,0
44,0.2,0.87,0.34,68.38,30.58,13.18,2,0,0,0
45,0.23,0.89,0.37,67.59,32.55,14.74,2,0,0,0
46,0.45,0.88,0.25,74.19,60.69,26.77,2,0,0,0
47,0.39,0.84,0.32,69.03,50.65,25.05,2,0,0,0
48,0.27,0.87,0.3,71.1,42.65,17.5,2,0,0,0
49,0.23,0.86,0.39,65.56,30.96,15.26,2,0,0,0
50,0.34,0.89,0.33,69.78,45.67,20.67,2,0,0,0
51,0.4,0.85,0.34,68.47,49.86,25.07,2,0,0,0
52,0.39,0.81,0.4,63.88,44.43,25.68,2,0,0,0
53,0.2,0.88,0.32,69.89,32.38,13.07,2,0,0,0
54,0.21,0.88,0.38,66.37,28.86,13.55,2,0,0,0
55,0.31,0.91,0.31,70.97,45,19.03,2,0,0,0
56,0.4,0.84,0.34,67.65,49.21,25.48,2,0,0,0
57,0.38,0.88,0.37,67.42,45.6,23.01,2,0,0,0
58,0.25,0.91,0.31,70.97,38.66,15.42,2,0,0,0
59,0.26,0.88,0.4,65.52,32.91,16.42,2,0,0,0
60,0.36,0.85,0.27,72.2,52.73,22.88,2,0,0,0
61,0.4,0.86,0.3,70.48,52.59,24.87,2,0,0,0
62,0.34,0.87,0.33,69.27,46.33,21.62,2,0,0,0
63,0.26,0.9,0.27,73.07,43.32,16.01,2,0,0,0
64,0.23,0.88,0.35,68.29,33.69,14.87,2,0,0,0
65,0.28,0.93,0.3,71.85,42.71,16.83,2,0,0,0
66,0.39,0.8,0.29,70.06,53.5,26.11,2,0,0,0
67,0.27,0.95,0.3,72.27,41.08,15.57,2,0,0,0
68,0.23,0.91,0.32,70.53,36.19,14.5,2,0,0,0
69,0.34,0.88,0.29,71.72,49.94,21.45,2,0,0,0
70,0.36,0.87,0.3,70.64,49.71,22.51,2,0,0,0
71,0.33,0.86,0.27,72.35,50.19,20.9,2,0,0,0
72,0.28,0.9,0.29,72.16,44.22,17.38,2,0,0,0
73,0.34,0.91,0.12,82.63,71.18,20.77,2,0,0,0
74,0.32,0.97,-0.09,95.07,105.02,18.3,5,0,0,0
75,0.27,0.92,-0.16,99.62,119.74,16.52,5,0,0,0
76,0.23,0.88,-0.22,103.92,133.99,14.39,5,0,0,0
77,0.24,0.87,-0.22,104.16,132.09,15.6,5,0,0,0
78,0.18,0.93,-0.19,101.4,136.22,10.94,5,0,0,0
79,0.23,0.92,-0.16,99.62,124.59,13.81,5,0,0,0
80,0.28,0.91,0.05,87.04,80.54,17.24,4,0,0,0
81,0.32,0.92,0.18,78.97,60.71,19.16,4,0,0,0
82,0.33,0.84,0.27,72.53,51.01,21.25,4,0,0,0
83,0.26,0.93,0.2,77.68,51.77,15.5,4,0,0,0
84,0.29,0.92,0.17,79.44,59.26,17.41,4,0,0,0
85,0.3,0.91,0.18,78.79,59.47,18.58,4,0,0,0
86,0.3,0.92,0.17,79.44,60.57,18.29,4,0,0,0
87,0.31,0.91,0.19,78.41,59.04,18.87,4,0,0,0
88,0.31,0.92,0.2,78.04,57.99,18.73,4,0,0,0
89,0.31,0.92,0.16,79.91,62.3,18.73,4,0,0,0
90,0.31,0.92,0.18,78.97,60.1,18.73,4,0,0,0
91,0.3,0.92,0.17,79.44,60.57,18.29,4,0,0,0
92,0.3,0.91,0.17,79.35,60.57,18.43,4,0,0,0
93,0.3,0.92,0.2,78.04,56.66,17.85,4,0,0,0
94,0.32,0.9,0.17,79.17,61.78,19.62,4,0,0,0
95,0.31,0.91,0.17,79.26,61.19,19.03,4,0,0,0
96,0.31,0.91,0.17,79.26,61.19,19.03,4,0,0,0
97,0.3,0.92,0.16,79.91,61.07,17.85,4,0,0,0
98,0.32,0.89,0.17,79.08,61.78,19.78,4,0,0,0
99,0.3,0.95,0.15,81.15,63.43,17.3,4,0,0,0
100,0.3,0.92,-0.13,98.2,114.1,17.85,6,0,0,0
101,0.3,0.91,-0.12,97.31,111.54,17.99,6,0,0,0
102,0.2,0.94,-0.03,91.91,99.09,11.77,6,0,0,0
103,0.3,0.93,-0.04,92.41,97.5,17.71,6,0,0,0
104,0.27,0.83,0.09,84.08,72.07,17.78,1,0,0,0
105,0.27,0.81,0.22,74.93,51.34,18.6,1,0,0,0
106,0.34,0.77,0.36,64.86,43.07,23.69,1,0,0,0
107,0.25,0.89,0.37,67.59,34.25,15.68,1,0,0,0
108,0.28,0.9,0.37,67.77,37.45,17.38,1,0,0,0
109,0.29,0.87,0.38,66.61,37.63,18.43,1,0,0,0
110,0.28,0.84,0.35,67.19,38.66,18.6,1,0,0,0
111,0.29,0.88,0.37,67.42,38.21,18.13,1,0,0,0
112,0.27,0.85,0.35,67.57,37.87,17.8,1,0,0,0
113,0.28,0.87,0.38,66.18,36.3,17.97,1,0,0,0
114,0.29,0.85,0.37,66.67,38.21,18.75,1,0,0,0
115,0.29,0.85,0.37,66.67,38.21,18.75,1,0,0,0
116,0.3,0.87,0.38,66.18,37.79,18.9,1,0,0,0
117,0.3,0.85,0.38,66.23,38.37,19.22,1,0,0,0
118,0.3,0.87,0.37,67.05,38.96,18.9,1,0,0,0
119,0.29,0.86,0.37,66.86,38.21,18.59,1,0,0,0
2,0.26,0.93,0.24,75.4,46.79,15.5,4,0,0,0
3,0.26,0.91,0.24,75.16,46.79,15.75,4,0,0,0
4,0.27,0.93,0.24,75.4,47.64,15.95,4,0,0,0
5,0.27,0.87,0.27,72.97,45.83,17.5,4,0,0,0
6,0.26,0.91,0.23,76.08,48.69,15.75,4,0,0,0
7,0.25,0.91,0.22,76.43,48.81,15.42,4,0,0,0
8,0.33,1.06,0.19,79.99,60.26,17.16,6,0,0,0
9,0.18,0.81,-0.18,102.47,135,12.47,6,0,0,0
10,0.23,0.82,0.37,65.89,32.55,15.95,1,0,0,0
11,0.25,0.86,0.38,65.99,33.15,16.22,1,0,0,0
12,0.19,0.88,0.38,66.37,26.1,12.09,1,0,0,0
13,0.21,0.88,0.38,66.99,29.36,13.44,1,0,0,0
14,0.2,0.87,0.4,65.32,27.01,13.18,1,0,0,0
15,0.2,0.87,0.38,66.18,27.95,13.18,1,0,0,0
16,0.2,0.88,0.4,65.71,26.11,12.48,1,0,0,0
17,0.21,0.88,0.39,66.13,28.37,13.44,1,0,0,0
18,0.21,0.87,0.37,67.05,29.88,13.67,2,0,0,0
19,0.12,0.72,0.32,65.98,20.1,9.26,2,0,0,0
20,0.02,0.83,0.48,59.68,2.77,1.62,2,0,0,0
21,0.24,0.94,0.19,78.69,52.25,14.48,2,0,0,0
22,0.23,0.87,0.37,67.05,31.68,14.64,2,0,0,0
23,0.16,0.96,0.25,75.42,32.01,9.24,2,0,0,0
24,0.27,1.01,0.24,76.49,47.64,14.77,2,0,0,0
25,0.27,0.9,0.23,75.38,48.58,16.47,2,0,0,0
26,0.13,1,0.23,76.81,28.07,7.13,2,0,0,0
27,0.17,1.05,0.3,74.17,30.07,9.32,2,0,0,0
28,0.3,0.88,0.26,73.58,49.76,19.2,2,0,0,0
29,0,0.84,0.09,83.6,0,0,2,0,0,0
30,0.09,0.95,0.29,73,16.56,5.19,2,0,0,0
31,0.23,0.89,0.24,74.79,43.09,14.27,2,0,0,0
32,0.1,0.81,0.16,79.11,33.02,7.13,2,0,0,0
33,0.08,0.85,0.31,69.85,14.04,5.24,2,0,0,0
34,0.24,0.95,0.3,72.7,39.21,14.26,2,0,0,0
35,0.21,0.98,0.22,77.47,43.96,12.09,2,0,0,0
36,0.13,0.96,0.2,78.51,34.22,7.87,2,0,0,0
37,0.23,0.88,0.27,72.79,40.6,14.87,2,0,0,0
38,0.27,0.9,0.26,73.99,46.68,16.93,2,0,0,0
39,0.09,0.93,0.28,73.17,16.99,5.28,2,0,0,0
40,0.09,0.95,0.27,73.99,18.92,5.62,2,0,0,0
41,0.23,0.92,0.26,74.38,41.31,13.81,2,0,0,0
42,0.01,0.84,0.14,80.54,3.18,0.53,2,0,0,0
43,0.14,0.99,0.21,78,33.69,8.07,2,0,0,0
44,0.27,0.93,0.06,86.15,76.76,15.95,2,0,0,0
45,0.05,0.97,0.15,81.29,17.53,2.77,2,0,0,0
46,0.14,0.92,0.13,81.8,46.64,8.67,2,0,0,0
47,0.17,0.93,0.16,80.46,47.73,10.47,2,0,0,0
48,0.14,0.56,-0.09,98.69,121.43,14.04,5,0,0,0
49,0.15,1.09,-0.19,99.8,141.63,7.78,5,0,0,0
50,0.18,0.86,0.21,76.21,40.43,11.81,4,0,0,0
51,0.16,0.89,0.34,68.9,24.44,9.95,4,0,0,0
52,0.17,0.95,0.2,77.87,40.24,10.3,4,0,0,0
53,0.24,0.94,0.16,80.07,55.89,14.48,4,0,0,0
54,0.22,0.93,0.13,81.87,58.74,13.24,4,0,0,0
55,0.21,0.95,0.1,83.87,64.29,12.58,4,0,0,0
56,0.23,0.95,0.1,83.87,65.85,13.48,4,0,0,0
57,0.23,0.94,0.05,87.14,78.69,14.04,4,0,0,0
58,0.23,0.95,0.05,87.18,78.69,13.82,4,0,0,0
59,0.32,1.16,0.02,89.23,87.21,15.39,4,0,0,0
60,-0.13,0.66,-0.23,109.05,-151.11,-10.78,4,0,0,0
61,0.23,0.93,0.08,85.2,70.97,13.7,4,0,0,0
62,0.26,0.88,0.07,85.45,74.74,16.28,4,0,0,0
63,0.24,0.95,0.06,86.22,75.53,14.37,4,0,0,0
64,0.23,0.93,0.07,85.67,73.3,14.15,4,0,0,0
65,0.22,0.95,0.09,84.81,68.55,13.03,4,0,0,0
66,0.23,0.94,0.07,85.71,72.76,13.59,4,0,0,0
67,0.22,0.92,0.05,86.61,75.96,13.35,4,0,0,0
68,0.23,0.95,0.05,87.16,78.31,13.48,4,0,0,0
69,0.23,0.94,0.07,85.71,72.76,13.59,4,0,0,0
70,0.23,0.94,0.08,85.24,70.97,13.59,4,0,0,0
71,0.22,0.96,0.07,85.82,72.18,12.82,4,0,0,0
72,0.24,0.93,0.04,87.59,80.84,14.6,4,0,0,0
73,0.23,0.94,0.07,85.71,73.3,14.04,4,0,0,0
74,0.21,0.94,0.08,85.24,69.68,12.68,4,0,0,0
75,0.19,0.94,0.12,82.87,57.99,11.31,4,0,0,0
76,0.34,1.23,-0.05,92.55,99.25,15.32,6,0,0,0
77,0.16,0.76,-0.16,102.22,135,12.22,6,0,0,0
78,0.19,0.96,-0.05,93.26,106.26,11.04,6,0,0,0
79,0.11,0.84,0.27,72.37,22.38,7.45,1,0,0,0
80,0.09,0.88,0.31,70.51,15.38,5.56,1,0,0,0
81,0.18,0.89,0.37,67.59,26.08,11.41,1,0,0,0
82,0.2,0.88,0.35,68.11,29.05,12.58,1,0,0,0
83,0.12,0.9,0.36,68.2,18.06,7.43,1,0,0,0
84,0.14,0.89,0.37,67.59,20.96,8.97,1,0,0,0
85,0.13,0.89,0.37,67.59,19.89,8.48,1,0,0,0
86,0.13,0.89,0.35,68.46,20.7,8.48,1,0,0,0
87,0.13,0.89,0.37,67.59,19.89,8.48,1,0,0,0
88,0.14,0.88,0.38,66.99,20.56,9.05,1,0,0,0
89,0.16,0.87,0.38,66.18,22.2,10.21,1,0,0,0
90,0.19,0.88,0.36,67.67,27.55,12.09,1,0,0,0
91,0.2,0.89,0.34,68.9,29.6,12.37,1,0,0,0
92,0.18,0.91,0.34,69.82,28.14,11.12,1,0,0,0
93,0.13,0.91,0.34,69.66,20.41,7.85,1,0,0,0
94,0.2,0.89,0.33,69.78,31.76,12.85,1,0,0,0
95,0.19,0.89,0.35,68.46,28.07,11.89,1,0,0,0
96,0.19,0.88,0.35,68.29,28.07,11.99,1,0,0,0
97,0.2,0.88,0.3,71.41,34.38,12.96,1,0,0,0
98,0.24,0.87,0.3,70.64,38.48,15.6,1,0,0,0
99,0.2,0.9,0.33,69.94,31.76,12.74,1,0,0,0
100,0.2,0.9,0.27,73.07,36.61,12.74,1,0,0,0
101,0.21,0.92,0.28,73.03,36.87,12.89,1,0,0,0
102,0.36,0.91,0.2,77.37,60.52,21.63,2,0,0,0
103,0.09,0.95,0.22,77.07,23.2,5.62,2,0,0,0
104,0.18,1.04,0.31,73.26,29.9,9.81,2,0,0,0
105,0.26,0.87,0.33,69.27,38.16,16.56,2,0,0,0
106,-0.03,0.93,0.1,83.77,-17.1,-1.93,2,0,0,0
107,0.02,0.94,0.27,74.18,3.37,0.95,2,0,0,0
108,0.14,0.95,0.21,77.42,33.69,8.46,2,0,0,0
109,0.01,0.91,0.2,77.37,2.2,0.49,2,0,0,0
110,0.18,0.75,0.16,77.66,47.6,13.47,2,0,0,0
111,0.32,0.95,0.26,74.86,51.17,18.58,2,0,0,0
112,0.07,0.91,0.2,77.47,19.09,4.4,2,0,0,0
113,0.23,1.02,0.21,78.27,48.01,12.99,2,0,0,0
114,0.06,0.99,0.09,85.05,36.03,3.6,2,0,0,0
115,0.19,0.77,-0.07,95.25,110.56,13.76,2,0,0,0
116,0.22,0.91,-0.25,105.3,138.81,13.46,2,0,0,0
117,0.23,0.98,-0.34,109.39,146.61,13.06,2,0,0,0
118,0.2,0.9,0.24,74.91,38.88,12.26,2,0,0,0
119,0.21,0.9,0.25,74.45,40.16,13.21,2,0,0,0
2,0.26,0.83,0.46,60.9,29.22,17.29,4,0,0,0
3,0.26,0.82,0.45,61.08,29.64,17.45,4,0,0,0
4,0.27,0.8,0.5,58.14,28.67,18.77,4,0,0,0
5,0.25,0.8,0.49,58.55,26.93,17.26,4,0,0,0
6,0.24,0.81,0.48,59.2,26.57,16.6,4,0,0,0
7,0.24,0.81,0.49,58.79,26.2,16.6,4,0,0,0
8,0.24,0.81,0.55,55.68,23.59,16.6,4,0,0,0
9,0.24,0.83,0.49,59.28,26.2,16.3,4,0,0,0
10,0.26,0.82,0.48,59.85,28.41,17.45,4,0,0,0
11,0.24,0.82,0.47,60.26,27.32,16.45,4,0,0,0
12,0.25,0.81,0.47,60.02,28.07,17.1,4,0,0,0
13,0.25,0.81,0.46,60.43,28.47,17.1,4,0,0,0
14,0.25,0.83,0.45,61.31,28.89,16.8,4,0,0,0
15,0.26,0.82,0.46,60.67,29.22,17.45,4,0,0,0
16,0.25,0.83,0.46,60.9,28.47,16.8,4,0,0,0
17,0.25,0.84,0.48,60.31,27.68,16.65,4,0,0,0
18,0.24,0.78,0.46,59.46,27.72,17.22,4,0,0,0
19,0.25,0.88,0.09,83.94,69.44,15.81,6,0,0,0
20,0.25,1.09,-0.41,110.87,148.88,12.96,6,0,0,0
21,0.19,0.76,-0.15,101.08,128.37,13.9,6,0,0,0
22,0.25,0.78,0.34,66.73,36.66,17.74,1,0,0,0
23,0.25,0.88,0.29,71.72,40.86,15.95,1,0,0,0
24,0.24,0.89,0.36,68.03,33.98,15.21,1,0,0,0
25,0.23,0.87,0.36,67.49,33.11,15.12,1,0,0,0
26,0.24,0.87,0.35,67.93,34.56,15.6,1,0,0,0
27,0.26,0.88,0.36,67.67,35.66,16.42,1,0,0,0
28,0.25,0.86,0.34,68.65,36.66,16.22,1,0,0,0
29,0.25,0.88,0.33,69.44,37.3,15.95,1,0,0,0
30,0.23,0.88,0.35,68.11,33.69,15,1,0,0,0
31,0.25,0.88,0.35,68.11,35.42,15.95,1,0,0,0
32,0.24,0.88,0.33,69.61,36.43,15.34,1,0,0,0
33,0.26,0.89,0.31,70.67,39.52,16.14,1,0,0,0
34,0.24,0.89,0.32,70.22,37.09,15.21,1,0,0,0
35,0.23,0.89,0.3,71.57,38.29,14.74,1,0,0,0
36,0.25,0.88,0.32,70.06,37.97,15.81,1,0,0,0
37,0.24,0.9,0.33,69.94,36.43,15.09,1,0,0,0
38,0.24,0.89,0.32,70.22,37.09,15.21,1,0,0,0
39,0.23,0.9,0.34,69.5,34.9,14.62,1,0,0,0
40,0.23,0.88,0.35,68.11,32.8,14.52,1,0,0,0
41,0.24,0.87,0.34,68.82,35.79,15.6,1,0,0,0
42,0.24,0.87,0.34,68.38,35.17,15.6,1,0,0,0
43,0.27,0.88,0.34,68.73,37.69,16.75,1,0,0,0
44,0.41,0.83,0.33,68.39,51.07,26.13,2,0,0,0
45,0.1,0.92,0.35,69.13,16.11,6.29,2,0,0,0
46,0.13,0.9,0.34,69.06,19.98,7.92,2,0,0,0
47,0.34,0.82,0.28,71.08,50.06,22.27,2,0,0,0
48,0.04,0.76,0.27,70.16,8.13,2.95,2,0,0,0
49,0.14,0.83,0.41,63.43,18.76,9.64,2,0,0,0
50,0.37,0.82,0.19,77.13,62.95,24.11,2,0,0,0
51,0.17,0.9,0.27,73.53,32.91,10.83,2,0,0,0
52,0.13,0.87,0.4,65.32,18.43,8.71,2,0,0,0
53,0.36,0.81,0.34,67.54,46.93,23.86,2,0,0,0
54,0.36,0.98,0.44,66.04,39.4,20.06,2,0,0,0
55,0.13,0.88,0.37,67.23,19.89,8.63,2,0,0,0
56,0.32,0.99,0.41,67.73,38.25,17.89,2,0,0,0
57,0.3,0.86,0.36,67.31,40.29,19.52,2,0,0,0
58,0.18,0.86,0.32,69.56,29.29,11.81,2,0,0,0
59,0.17,0.93,0.39,67.21,23.75,10.47,2,0,0,0
60,0.34,0.91,0.24,75.04,54.83,20.77,2,0,0,0
61,0.23,0.97,0.37,69.24,32.55,13.6,2,0,0,0
62,0.13,0.89,0.38,66.74,19.13,8.48,2,0,0,0
63,0.24,0.76,0.3,68.61,39.21,17.72,2,0,0,0
64,0.36,0.86,0.34,68.2,46.27,22.69,2,0,0,0
65,0.17,0.9,0.34,69.5,27.1,10.83,2,0,0,0
66,0.17,0.89,0.36,68.03,25.56,10.92,2,0,0,0
67,0.31,0.86,0.28,71.88,48.01,19.98,2,0,0,0
68,0.22,0.95,0.34,70.44,33.07,13.03,2,0,0,0
69,0.11,0.88,0.33,69.61,18.43,7.06,2,0,0,0
70,0.41,0.86,0.38,66.43,47.29,25.3,2,0,0,0
71,0.33,0.91,0.26,74.12,51.84,19.9,2,0,0,0
72,0.13,0.9,0.26,73.99,25.87,7.92,2,0,0,0
73,0.33,0.8,0.18,77.41,61.29,22.18,2,0,0,0
74,0.36,0.77,0.36,64.86,45,25.14,2,0,0,0
75,0.14,0.8,0.28,70.73,26.57,9.91,2,0,0,0
76,0.31,1.03,0.38,69.63,39.23,16.86,2,0,0,0
77,0.37,0.79,0.35,65.98,46.25,24.95,2,0,0,0
78,0.16,0.84,0.35,67.38,25.02,11,2,0,0,0
79,0.15,0.84,0.43,62.8,19.06,10.07,2,0,0,0
80,0.38,0.84,0.32,69.03,50.08,24.61,2,0,0,0
81,0.25,0.91,0.29,72.31,40.86,15.42,2,0,0,0
82,0.13,0.84,0.38,66.04,18.43,8.43,2,0,0,0
83,0.41,0.83,0.31,69.33,52.43,26.13,2,0,0,0
84,0.35,1.04,0.35,71.31,45,18.69,2,0,0,0
85,0.11,0.91,0.28,72.76,21.25,6.88,2,0,0,0
86,0.41,0.84,0.15,80.02,70.28,26.14,2,0,0,0
87,0.38,0.84,0.24,73.84,57.14,24.16,2,0,0,0
88,0.13,0.9,0.34,69.5,20.41,7.92,2,0,0,0
89,0.16,0.89,0.34,68.9,24.44,9.95,2,0,0,0
90,0.41,0.84,0.27,72.04,56.56,26.14,2,0,0,0
91,0.13,0.84,0.32,69.21,22.52,8.95,2,0,0,0
92,0.17,0.85,0.39,65.36,23.75,11.41,2,0,0,0
93,0.38,0.82,0.34,67.73,48.14,24.57,2,0,0,0
94,0.16,0.89,0.32,70.22,26,9.95,2,0,0,0
95,0.13,0.87,0.42,64.06,17.47,8.71,2,0,0,0
96,0.38,0.8,0.28,70.73,53.13,24.99,2,0,0,0
97,0.04,0.75,0.28,69.44,7.91,2.98,2,0,0,0
98,0.15,0.87,0.38,66.61,21.6,9.71,2,0,0,0
99,0.31,0.81,0.25,72.9,51.34,21.04,2,0,0,0
100,0.18,0.95,0.43,65.56,22.69,10.76,2,0,0,0
101,0.17,0.84,0.41,63.65,22.54,11.62,2,0,0,0
102,0.35,0.83,0.24,73.7,55.44,23,2,0,0,0
103,0.26,1.14,0.43,69.36,30.96,12.74,2,0,0,0
104,0.14,0.78,0.41,62.08,18.76,10.2,2,0,0,0
105,0.34,0.81,0.23,74.42,56.61,22.93,2,0,0,0
106,0.07,0.97,0.18,79.49,21.37,4.15,2,0,0,0
107,0.17,0.83,0.02,88.92,84.81,11.73,5,0,0,0
108,0.26,0.86,-0.46,118.21,150.78,16.7,5,0,0,0
109,0.24,0.88,0.02,88.99,86.31,15.34,5,0,0,0
110,0.31,0.95,0.31,71.85,45,18.15,5,0,0,0
111,0.38,0.84,0.38,65.39,44.41,24.16,4,0,0,0
112,0.38,0.84,0.3,69.97,51.48,24.61,4,0,0,0
113,0.19,0.78,0.4,62.98,25.2,13.5,4,0,0,0
114,0.22,0.89,0.35,68.46,31.89,13.8,4,0,0,0
115,0.22,0.88,0.34,69.17,33.07,13.92,4,0,0,0
116,0.23,0.88,0.36,67.67,33.11,15,4,0,0,0
117,0.18,0.91,0.31,70.97,29.9,11.21,4,0,0,0
118,0.18,0.89,0.3,71.11,30.53,11.41,4,0,0,0
119,0.19,0.89,0.33,69.78,29.74,11.89,4,0,0,0