currentTime,acc_x,acc_y,acc_z,gyro_x,gyro_y,gyro_z,activity,fallDetected
2,0.27,0.74,0.55,53.23,26.24,20.22,4,0
3,0.27,0.76,0.58,52.66,25.31,19.84,4,0
4,0.27,0.76,0.56,53.41,25.92,19.84,4,0
5,0.27,0.75,0.58,52.37,25.31,20.03,4,0
6,0.27,0.75,0.58,52.37,25.31,20.03,4,0
7,0.27,0.76,0.57,53.04,25.62,19.84,4,0
8,0.28,0.75,0.55,53.51,26.89,20.56,4,0
9,0.27,0.75,0.55,53.9,25.91,19.5,4,0
10,0.29,0.82,0.44,61.93,33.45,19.41,4,0
11,0.26,0.93,0.16,80.46,58.78,15.5,4,0
12,0.23,0.92,-0.16,99.62,124.59,13.81,6,0
13,0.16,0.88,-0.55,122.01,164.05,10.12,6,0
14,0.17,0.76,-0.48,122.59,160.46,12.78,6,0
15,0.26,0.82,-0.75,132.44,161.03,17.45,6,0
16,0.15,0.79,-0.21,104.97,144.87,10.65,6,0
17,0.23,0.89,0.18,78.59,51.58,14.27,1,0
18,0.24,0.89,0.28,72.47,40.73,15.21,1,0
19,0.22,0.89,0.3,71.57,36.38,13.8,1,0
20,0.2,0.91,0.28,72.76,35.84,12.63,1,0
21,0.22,0.91,0.27,73.21,38.66,13.57,1,0
22,0.22,0.9,0.28,72.62,37.87,13.68,1,0
23,0.22,0.91,0.27,73.8,39.47,13.46,1,0
24,0.23,0.9,0.23,75.38,44.03,14.15,1,0
25,0.23,0.92,0.23,75.74,45,14.26,1,0
26,0.23,0.92,0.21,77.11,47.05,13.81,1,0
27,0.23,0.95,0.16,80.61,55.41,13.48,1,0
28,0.22,0.93,0.13,82.34,60.26,13.24,1,0
29,0.23,0.92,0.14,81.33,58.17,13.81,1,0
30,0.23,0.93,0.14,81.4,59.04,14.15,1,0
31,0.23,0.92,0.13,81.8,60.46,14.26,1,0
32,0.23,0.94,0.13,82.41,61.93,14.04,1,0
33,0.23,0.93,0.14,81.4,59.04,14.15,1,0
34,0.23,0.93,0.13,81.87,59.62,13.7,1,0
35,0.23,0.93,0.14,81.4,58.17,13.7,1,0
36,0.23,0.93,0.14,81.4,59.04,14.15,1,0
37,0.23,0.94,0.13,81.94,60.46,14.04,1,0
38,0.23,0.95,0.13,82,60.46,13.92,1,0
39,0.23,0.93,0.13,82.34,61.93,14.15,1,0
40,0.2,0.91,0.12,82.69,60.02,12.53,1,0
41,0.05,0.95,0.06,86.25,41.19,3.28,2,0
42,0.29,0.96,0,90,90,16.74,2,0
43,0.32,0.92,0.07,85.64,77.62,19.16,2,0
44,0.21,0.96,0.16,80.76,53.47,12.38,2,0
45,0.08,0.98,0.09,84.52,39.81,4.57,2,0
46,0.16,1,0.13,82.87,51.34,8.88,2,0
47,0.25,0.91,-0.02,90.99,93.58,15.42,2,0
48,0.21,0.98,0.08,85.43,69.68,12.19,2,0
49,0.16,0.96,0.05,87.21,73.3,9.24,2,0
50,0.17,0.98,0.14,81.87,50.71,9.9,2,0
51,0.29,0.93,0.01,89.52,88.45,17.27,2,0
52,0.25,0.97,0.08,85.39,72.65,14.47,2,0
53,0.16,0.93,-0.01,90.48,92.86,9.54,2,0
54,0.14,1.01,0.09,84.69,56.31,7.94,2,0
55,0.27,0.92,-0.02,90.97,93.37,16.07,2,0
56,0.25,0.97,0.06,86.31,75.96,14.47,2,0
57,0.19,0.89,0.13,81.52,54.69,11.89,2,0
58,0.2,0.94,0.04,87.61,79.11,12.23,2,0
59,0.32,0.91,0.05,86.58,80.31,19.31,2,0
60,0.2,0.9,0.06,86.02,72.26,12.26,2,0
61,0.18,0.92,0.1,83.71,60.52,11.03,2,0
62,0.23,0.95,0.03,88.12,82.15,13.37,2,0
63,0.28,0.91,0.07,85.6,75.96,17.1,2,0
64,0.2,0.91,0.08,85.11,68.2,12.06,2,0
65,0.16,0.9,0.1,83.55,56.98,9.87,2,0
66,0.23,0.95,0,90,90,13.92,2,0
67,0.27,0.88,0.07,85.41,75.17,16.89,2,0
68,0.13,0.91,0.02,88.53,79.38,7.79,2,0
69,0.16,0.92,0.07,85.64,65.77,9.62,2,0
70,0.27,0.91,-0.05,92.96,99.73,16.79,2,0
71,0.3,0.91,0.08,85.07,75.62,18.58,2,0
72,0.13,0.91,0.01,89.51,86.42,7.85,2,0
73,0.15,0.94,0.11,83.35,53.62,9,2,0
74,0.28,0.91,0.01,89.51,88.41,17.24,2,0
75,0.3,0.91,0.08,85.11,75.26,17.99,2,0
76,0.17,1.05,0.05,87.01,72.35,9.32,2,0
77,0.27,0.92,0.02,89.03,86.73,16.52,2,0
78,0.36,0.9,0.09,84.54,76.55,21.8,2,0
79,0.21,0.94,0.05,87.14,77.47,12.68,2,0
80,0.19,0.92,0.11,83.23,59.74,11.5,2,0
81,0.3,0.88,-0.04,92.56,97.5,18.74,2,0
82,0.31,0.88,0.1,83.44,72,19.49,2,0
83,0.16,0.98,0.04,87.71,75.96,9.09,2,0
84,0.23,1,0.13,82.87,61.11,12.77,2,0
85,0.27,0.88,0.05,86.93,80.27,17.35,2,0
86,0.2,0.95,0.13,82.53,58.39,12.03,2,0
87,0.13,0.92,0.13,81.8,43.26,7.72,2,0
88,0.25,0.89,-0.06,94.01,104.04,15.68,2,0
89,0.26,0.98,0.09,84.56,70.02,14.68,2,0
90,0.13,0.93,0.1,83.77,50.91,7.66,2,0
91,0.16,1,0.05,86.87,70.71,8.88,2,0
92,0.25,0.91,0.13,82.15,63.43,15.42,2,0
93,0.05,0.85,-0.08,95.24,145.01,3.67,2,0
94,0.02,0.92,0.05,87.09,18.43,0.97,2,0
95,-0.12,1.01,-0.17,99.68,-145.71,-6.63,2,0
96,0.14,0.93,-0.02,90.96,96.34,8.6,2,0
97,-0.04,1.01,-0.09,94.87,-155.56,-2.22,2,0
98,-0.21,0.91,-0.19,101.69,-131.63,-13.1,2,0
99,0.07,0.84,-0.2,103.66,160.91,4.81,5,0
100,0.14,0.76,-0.42,119.1,161.57,10.51,5,0
101,0.04,0.61,-0.77,141.77,177.11,3.67,5,0
102,0.22,1.26,-0.49,111.37,156.04,9.87,5,0
103,0.17,0.95,0.08,85.28,65.56,10.3,4,0
104,0.25,0.91,0.18,78.88,54.29,15.3,4,0
105,0.23,0.93,0.15,80.93,57.65,14.15,4,0
106,0.25,0.94,0.16,80.54,57.99,14.93,4,0
107,0.24,0.93,0.13,82.34,62.7,14.6,4,0
108,0.23,0.93,0.12,82.82,63.43,14.15,4,0
109,0.25,0.92,0.13,81.8,62.02,15.17,4,0
110,0.24,0.92,0.12,82.76,64.18,14.72,4,0
111,0.25,0.91,0.05,87.06,79.38,15.3,4,0
112,0.37,0.86,-0.29,108.59,128.21,23.14,4,0
113,0.38,0.84,-0.29,108.91,127.06,24.4,4,0
114,0.31,0.86,0.02,88.44,85.71,19.98,4,0
115,0.36,0.88,0.2,77.04,60.52,22.15,4,0
116,0.59,0.67,0.44,56.93,53.62,41.47,4,0
117,0.52,0.3,0.8,20.43,33.3,60.44,4,0
118,0.2,-0.21,1.08,-11.07,10.67,136.08,4,0
119,0.3,-0.07,0.96,-4.18,17.17,103.32,4,0
0,0.31,-0.13,0.98,-7.68,17.61,113.03,0,0
1,0.3,-0.15,0.95,-8.85,17.73,115.97,0,0
2,0.3,-0.18,0.97,-10.51,17.04,121.18,0,0
3,0.3,-0.15,0.96,-8.78,17.17,116.57,0,0
4,0.29,-0.16,0.95,-9.77,16.87,119.58,0,0
5,0.3,-0.16,0.95,-9.85,17.86,118.3,0,0
6,0.3,-0.16,0.95,-9.77,17.73,118.3,0,0
7,0.3,-0.18,0.96,-10.59,17.17,121.18,0,0
8,0.29,-0.17,0.95,-10.22,16.87,120.74,0,0
9,0.3,-0.16,0.95,-9.77,17.73,118.3,0,0
10,0.3,-0.17,0.96,-10.14,17.59,119.43,0,0
11,0.31,-0.16,0.96,-9.69,18.01,117.7,0,0
12,0.32,-0.17,0.96,-10.14,18.43,118.22,0,0
13,0.3,-0.16,0.95,-9.77,17.73,118.3,0,0
14,0.31,-0.16,0.96,-9.69,18.01,117.7,0,0
15,0.31,-0.16,0.96,-9.69,18.01,117.7,0,0
16,0.31,-0.16,0.96,-9.69,18.01,117.7,0,0
17,0.31,-0.16,0.95,-9.85,18.29,117.7,0,0
18,0.31,-0.17,0.95,-10.22,18.15,118.81,0,0
19,0.31,-0.16,0.96,-9.69,18.01,117.7,0,0
20,0.32,-0.18,0.95,-10.68,18.58,119.29,0,0
21,0.3,-0.16,0.97,-9.61,17.46,118.3,0,0
22,0.31,-0.17,0.97,-10.06,17.88,118.81,0,0
23,0.3,-0.17,0.95,-10.3,17.86,119.43,0,0
24,0.31,-0.16,0.95,-9.77,18.15,117.7,0,0
25,0.28,-0.16,0.96,-9.69,16.31,120.26,0,0
26,0.31,-0.17,0.96,-10.14,18.01,118.81,0,0
27,0.3,-0.16,0.95,-9.77,17.73,118.3,0,0
28,0.31,-0.16,0.95,-9.77,18.15,117.7,0,0
29,0.31,-0.18,0.96,-10.59,18.01,119.9,0,0
30,0.3,-0.16,0.95,-9.85,17.86,118.3,0,0
31,0.31,-0.16,0.96,-9.69,18.01,117.7,0,0
32,0.3,-0.17,0.96,-10.14,17.59,119.43,0,0
33,0.31,-0.17,0.96,-10.14,18.01,118.81,0,0
34,0.32,-0.17,0.96,-10.14,18.43,118.22,0,0
35,0.31,-0.17,0.96,-10.14,18.01,118.81,0,0
36,0.3,-0.16,0.95,-9.31,17.73,117.15,4,0
37,0.39,-0.03,0.96,-1.86,22.12,94.57,4,0
38,0.63,0.31,0.78,21.8,38.66,63.43,4,0
39,0.47,0.68,0.52,52.4,41.85,34.59,4,0
40,0.27,0.87,0.31,70.18,41.19,17.5,4,0
41,0.21,0.95,0.13,82.47,59.35,12.58,4,0
42,0.08,0.97,0.07,85.85,48.01,4.61,4,0
43,0.17,0.88,-0.12,97.63,124.29,11.11,4,0
44,0.16,0.88,-0.46,117.78,161.27,10.12,4,0
45,0.1,0.9,-0.33,110.06,162.8,6.45,4,0
46,0.19,0.91,-0.03,91.97,99.46,11.69,4,0
47,0.22,0.95,0.08,85.28,70.35,13.03,4,0
48,0.21,0.95,0.02,88.58,83.66,12.58,4,0
49,0.21,0.96,0,90,90,12.38,4,0
50,0.21,0.94,-0.01,90.48,92.12,12.68,4,0
51,0.21,0.95,0.02,89.05,85.76,12.58,4,0
52,0.22,0.94,0.01,89.52,87.95,13.13,4,0
53,0.22,0.94,0,90,90,13.13,4,0
54,0.21,0.95,0.01,89.53,87.88,12.58,4,0
55,0.21,0.94,0.02,89.05,85.76,12.68,4,0
56,0.21,0.93,0,90,90,12.78,4,0
57,0.21,0.95,0,90,90,12.48,4,0
58,0.22,0.94,-0.02,90.95,94.09,13.13,4,0
59,0.21,0.93,-0.01,90.48,92.12,12.78,4,0
60,0.22,0.93,-0.11,96.71,116.57,13.24,6,0
61,0.19,0.86,-0.38,113.57,153.43,12.31,6,0
62,0.15,0.78,-0.61,127.95,166.31,10.76,6,0
63,0.12,0.66,-0.82,141.01,171.87,10.01,6,0
64,0.15,0.71,-0.52,126.36,164.17,11.79,6,0
65,0.26,0.85,0.11,82.68,67.01,16.84,1,0
66,0.23,0.88,0.29,71.87,38.09,14.39,1,0
67,0.26,0.9,0.25,74.45,45.88,16.01,1,0
68,0.27,0.91,0.19,78.41,54.78,16.2,1,0
69,0.26,0.93,0.13,82.34,64.13,15.5,1,0
70,0.26,0.93,0.13,82.34,64.13,15.5,1,0
71,0.26,0.95,0.12,82.93,65.56,15.26,1,0
72,0.26,0.93,0.13,81.87,62.74,15.5,1,0
73,0.26,0.94,0.12,82.87,65.56,15.38,1,0
74,0.26,0.92,0.13,81.8,62.74,15.62,1,0
75,0.24,0.93,0.13,82.34,62.7,14.6,1,0
76,0.26,0.94,0.12,82.87,65.56,15.38,1,0
77,0.26,0.93,0.1,83.77,68.5,15.5,1,0
78,0.27,0.93,0.1,83.77,69.08,15.95,1,0
79,0.26,0.94,0.09,84.29,70.02,15.38,1,0
80,0.26,0.93,0.09,84.24,70.02,15.5,1,0
81,0.26,0.93,0.1,83.77,68.5,15.5,1,0
82,0.26,0.93,0.1,83.77,68.5,15.5,1,0
83,0.27,0.93,0.09,84.72,72.07,15.95,1,0
84,0.26,0.93,0.08,85.2,73.14,15.5,1,0
85,0.26,0.91,0.09,84.14,70.02,15.75,1,0
86,0.24,0.94,0.02,89.05,86.31,14.48,1,0
87,0.12,0.96,-0.02,91.4,101.31,6.95,1,0
88,0.3,0.91,-0.03,91.96,95.86,18.43,1,0
89,0.3,0.92,0.02,88.54,85.6,18.29,1,0
90,0.11,0.92,0.01,89.51,85.91,6.77,1,0
91,0.22,1.01,0.06,86.45,74.05,12.25,2,0
92,0.34,0.88,0.07,85.41,78.18,21,2,0
93,0.2,0.95,0.06,86.25,72.9,12.03,2,0
94,0.17,0.91,0.11,83.18,57.53,10.65,2,0
95,0.34,0.86,-0.08,95.19,103.09,21.35,2,0
96,0.29,0.93,0.06,86.15,77.8,17.27,2,0
97,0.16,0.96,0.07,85.82,66.8,9.69,2,0
98,0.2,0.96,0.02,89.07,85.6,11.94,2,0
99,0.33,0.9,0.02,89,87.27,20.06,2,0
100,0.16,0.91,0.01,89.51,87.27,10.18,2,0
101,0.15,0.97,0.09,84.47,57.72,8.71,2,0
102,0.25,0.9,-0.05,92.99,100.62,15.55,2,0
103,0.26,0.94,0.08,85.24,73.14,15.38,2,0
104,0.13,0.92,0.02,88.54,79.38,7.72,2,0
105,0.15,0.98,0.05,87.25,72.47,8.64,2,0
106,0.29,0.94,0,90,90,17.14,2,0
107,0.21,0.97,0.13,82.19,57.8,12.28,2,0
108,0.17,0.89,0.1,83.49,59.42,10.92,2,0
109,0.2,0.98,0.09,85.01,67.07,11.66,2,0
110,0.35,0.91,0,90,90,21.04,2,0
111,0.26,0.9,0.03,88.01,83.09,16.01,2,0
112,0.19,0.95,0.09,84.34,63.43,11.22,2,0
113,0.27,0.94,0.01,89.52,88.32,15.82,2,0
114,0.35,0.88,0.05,86.96,82.41,21.71,2,0
115,0.13,0.95,-0.02,91.42,100.01,8,2,0
116,0.13,0.98,0.07,85.91,62.1,7.68,2,0
117,0.33,0.96,0.05,86.74,80.54,18.85,2,0
118,0.23,0.98,0.02,89.08,86.19,13.5,2,0
119,0.16,0.9,0.1,83.55,56.98,9.87,2,0
1,0.22,0.7,0.66,46.32,18.23,17.46,4,0
2,0.21,0.7,0.67,45.98,17.43,16.88,4,0
3,0.22,0.69,0.66,45.99,18.23,17.65,4,0
4,0.22,0.7,0.66,46.32,18.23,17.46,4,0
5,0.22,0.69,0.68,45.33,17.84,17.65,4,0
6,0.22,0.7,0.66,46.32,18.23,17.46,4,0
7,0.22,0.7,0.67,45.98,18.03,17.46,4,0
8,0.22,0.7,0.68,45.65,17.84,17.46,4,0
9,0.21,0.7,0.67,46.3,17.43,16.7,4,0
10,0.23,0.69,0.67,45.66,18.63,18.24,4,0
11,0.22,0.7,0.67,45.98,18.03,17.46,4,0
12,0.21,0.7,0.68,45.65,17.24,16.88,4,0
13,0.22,0.7,0.66,46.32,18.23,17.46,4,0
14,0.22,0.7,0.66,46.66,18.43,17.46,4,0
15,0.23,0.7,0.66,46.97,19.05,17.86,4,0
16,0.23,0.7,0.66,46.66,19.05,18.05,4,0
17,0.26,0.77,0.55,54.08,24.93,18.61,4,0
18,0.22,0.86,0.36,67.31,31.33,14.28,4,0
19,0.3,1.08,-0.28,104.62,133.45,15.4,6,0
20,0.21,1.14,-0.42,110.3,153.43,10.48,6,0
21,0.1,0.69,-0.13,100.3,140.91,8.4,6,0
22,0.25,0.87,0.34,68.82,36.66,16.08,1,0
23,0.2,0.87,0.34,68.38,30.58,13.18,1,0
24,0.21,0.9,0.3,71.27,34.7,13.21,1,0
25,0.23,0.88,0.32,70.06,35.27,14.39,1,0
26,0.21,0.89,0.3,71.11,34.7,13.32,1,0
27,0.21,0.9,0.31,70.82,34.02,13.21,1,0
28,0.23,0.9,0.31,70.82,35.94,14.15,1,0
29,0.22,0.89,0.3,71.11,35.68,13.8,1,0
30,0.22,0.89,0.32,70.22,34.33,13.8,1,0
31,0.22,0.89,0.31,70.67,34.99,13.8,1,0
32,0.22,0.88,0.31,70.51,34.99,13.92,1,0
33,0.21,0.89,0.32,70.22,33.37,13.32,1,0
34,0.22,0.89,0.31,70.67,34.99,13.8,1,0
35,0.22,0.88,0.32,70.06,34.33,13.92,1,0
36,0.23,0.9,0.29,72.16,38.09,14.15,1,0
37,0.19,0.91,0.24,75.04,37.75,11.69,2,0
38,0,0.91,0.29,72.45,0,0,2,0
39,0.07,0.98,0.31,72.26,12.68,4.12,2,0
40,0.34,0.91,-0.02,90.99,92.66,20.34,2,0
41,0.27,0.85,0.18,78.08,55.92,17.32,2,0
42,0.33,0.84,0.32,69.21,45.69,21.25,2,0
43,-0.05,0.94,0.13,82.41,-23.63,-3.34,2,0
44,-0.01,0.87,0.26,73.44,-1.74,-0.52,2,0
45,0.14,0.97,0.3,72.96,25.35,8.26,2,0
46,0.29,0.87,0.05,86.39,79.29,18.43,2,0
47,0.05,0.91,0.33,70.1,9.46,3.45,2,0
48,0.34,0.86,0.01,89.48,88.7,21.8,2,0
49,0.26,1,0.17,80.25,56.31,14.46,2,0
50,0.14,0.87,0.24,74.4,30.14,9.21,2,0
51,0.34,0.9,0.13,82.08,70.02,20.94,2,0
52,0.27,1.04,0.36,70.92,37.27,14.74,2,0
53,0.15,0.87,0.29,71.57,27.18,9.71,2,0
54,0.3,0.87,0.12,82.3,68.46,18.9,2,0
55,0.27,0.91,0.27,73.8,45.83,16.65,2,0
56,0.14,0.88,0.3,71.26,25.35,9.13,2,0
57,0.25,0.75,0.15,78.8,59.3,18.43,2,0
58,0.3,0.84,0.27,71.89,48.09,20.03,2,0
59,0.15,0.91,0.28,72.76,27.82,9.3,2,0
60,0.24,0.89,0.25,74.32,44.09,15.21,2,0
61,0.3,0.85,0.3,70.31,44.26,19.22,2,0
62,0.14,1,0.23,76.81,30.96,8,2,0
63,0.16,1.01,0.28,74.41,29.05,8.81,2,0
64,0.29,0.9,0.3,71.27,43.49,17.84,2,0
65,0.06,0.84,0.15,79.93,22.83,4.28,2,0
66,0.14,0.98,0.31,72.39,24.23,8.13,2,0
67,0.3,0.81,0.29,70.42,46.51,20.56,2,0
68,0.03,0.76,0.19,76.1,9.46,2.36,2,0
69,0.15,0.93,0.29,72.73,27.18,9.07,2,0
70,0.24,0.88,0.27,72.65,41.53,15.47,2,0
71,0.19,0.97,0.24,75.96,37.75,10.95,2,0
72,0.11,0.91,0.28,72.9,21.25,6.82,2,0
73,0.3,0.91,0.26,74.25,49.03,17.99,2,0
74,0.22,1,0.25,75.96,41.19,12.34,2,0
75,0.09,0.98,0.25,75.75,20.56,5.44,2,0
76,0.29,0.84,0.31,69.68,42.77,18.91,2,0
77,0.09,0.91,0.23,75.5,20.14,5.42,2,0
78,0.1,0.93,0.24,75.4,22.75,6.23,2,0
79,0.26,0.78,0.28,70.2,42.51,18.26,2,0
80,0.13,0.92,0.24,75.28,27.3,7.72,2,0
81,0.11,0.95,0.24,75.74,24.3,6.55,2,0
82,0.26,0.84,0.26,72.86,45,17.14,2,0
83,0.05,0.84,0.17,78.38,15.26,3.21,2,0
84,0.08,0.91,0.28,72.76,15.52,4.93,2,0
85,0.25,0.87,0.2,76.82,50.91,16.08,2,0
86,-0.05,0.92,0.09,84.19,-26.57,-2.91,2,0
87,-0.03,0.95,0.15,81.15,-11.89,-1.88,2,0
88,0.26,0.9,0.22,76.32,49.69,16.01,2,0
89,0.28,0.89,0.3,71.57,43.45,17.53,2,0
90,0.14,0.84,0.29,71.09,25.94,9.46,2,0
91,0.32,0.85,0.16,79.09,62.88,20.61,2,0
92,0.33,0.89,0.25,74.32,52.7,20.22,2,0
93,0.16,0.84,0.28,71.57,29.05,10.49,2,0
94,0.29,0.94,0.23,75.96,50.96,17.14,2,0
95,0.3,0.88,0.3,70.96,44.26,18.59,2,0
96,0.14,0.84,0.31,69.68,24.23,9.46,2,0
97,0.27,0.94,0.23,76.41,49.54,15.82,2,0
98,0.27,0.88,0.31,70.35,40.36,16.89,2,0
99,0.15,0.85,0.3,70.78,26.57,9.89,2,0
100,0.26,0.77,0.12,81.3,65.56,18.61,2,0
101,0.25,0.92,0.35,69.13,35.42,15.17,2,0
102,0.09,0.85,0.34,68.47,15.59,6.28,2,0
103,0.27,0.96,0.23,76.73,50.36,15.88,2,0
104,0.21,1.12,0.33,73.63,32.74,10.69,2,0
105,0.1,0.9,0.29,72.16,19.36,6.45,2,0
106,0.24,0.82,0.27,72.06,42.36,16.45,2,0
107,0.05,0.78,0.11,82.03,26.57,4,2,0
108,0.18,1.09,0.32,73.57,29.29,9.4,2,0
109,0.27,0.87,0.29,71.57,42.58,17.03,2,0
110,0.1,0.85,0.27,72.68,20.92,6.8,2,0
111,0.22,1.02,0.19,79.54,49.4,12.15,2,0
112,0.17,1.09,0.31,74.05,28.81,8.93,2,0
113,0.09,0.96,0.25,75.42,18.97,5.11,2,0
114,0.24,0.79,0.25,72.42,44.09,17.06,2,0
115,0.19,1.02,0.19,79.54,45,10.46,2,0
116,0.23,1.13,0.23,78.61,45,11.39,2,0
117,0.26,0.87,0.15,80.29,60.07,16.56,2,0
118,0.01,0.98,0.13,82.26,3.37,0.46,2,0
119,0.23,0.98,0.15,81.42,56.77,12.96,2,0
0,0.26,0.9,0.23,75.85,48.69,16.01,2,0
1,0.13,0.8,0.25,72.74,27.98,9.37,2,0
2,0.3,0.96,0.09,84.89,74.25,17.59,2,0
3,0.23,1.15,0.3,75.51,38.29,11.53,2,0
4,0.12,0.9,0.32,70.38,20.1,7.43,2,0
5,0.33,0.82,0.23,74.56,55.38,21.8,2,0
6,0.07,0.86,0.12,82.23,30.96,4.68,2,0
7,0.23,1.02,0.3,73.3,37.57,12.99,2,0
8,0.36,0.82,0.24,73.55,56.02,23.66,2,0
9,0.16,0.9,0.23,75.38,34.99,10.35,2,0
10,0.31,0.84,0.2,76.46,56.98,20.32,2,0
11,0.47,0.88,0.18,78.4,69.03,28.18,2,0
12,0.17,0.92,0.25,74.83,34.51,10.56,2,0
13,0.15,0.91,0.3,71.86,26.57,9.3,2,0
14,0.25,0.77,0.27,71.05,43.26,17.91,2,0
15,0.15,0.98,0.23,77.04,33.23,8.58,2,0
16,0.27,0.91,0.15,80.7,61.5,16.79,2,0
17,0.27,0.9,0.22,76.32,50.53,16.47,2,0
18,0.09,0.91,0.11,83.12,40.6,5.91,2,0
19,0.23,0.73,0.06,85.08,75.07,17.88,2,0
20,0.05,0.7,-0.46,123.54,174.19,3.86,5,0
21,0.22,0.8,-0.78,134.43,164.36,15.35,5,0
22,0.22,0.81,0.17,78.06,51.84,15.07,4,0
23,0.2,0.86,0.34,68.2,29.6,12.8,4,0
24,0.23,0.91,0.29,72.45,38.09,13.92,4,0
25,0.22,0.91,0.32,70.53,34.33,13.57,4,0
26,0.14,0.95,0.19,78.87,36.87,8.39,4,0
27,0.18,0.95,-0.21,102.48,139.57,10.68,4,0
28,0.22,0.84,-0.18,102.02,129.4,14.53,4,0
29,0.22,0.89,0.29,72.02,37.12,13.8,4,0
30,0.11,0.69,0.59,49.56,10.57,9.04,4,0
31,0,0.26,1.05,13.74,0,0,4,0
32,0.2,-0.05,0.97,-2.77,11.4,103.5,4,0
33,0.12,0.15,0.99,8.51,6.74,38.29,4,0
34,0.09,0.13,0.98,7.29,5.48,36.87,0,0
35,0.16,-0.28,0.95,-16.57,9.39,150.95,0,0
36,0.21,-0.38,0.95,-21.48,12.48,150.64,0,0
37,0.18,-0.42,0.93,-24.41,10.94,156.93,0,0
38,0.14,-0.41,0.91,-24.37,8.75,161.24,0,0
39,0.09,-0.43,0.93,-24.81,5.28,168.69,0,0
40,0.17,-0.41,0.93,-23.6,10.47,157.07,0,0
41,0.14,-0.42,0.95,-23.88,8.39,161.57,0,0
42,0.14,-0.38,0.95,-21.88,8.39,159.83,0,0
43,0.11,-0.38,0.95,-21.88,6.55,164.05,0,0
44,0.09,-0.39,0.95,-22.45,5.66,166.5,0,0
45,0.09,-0.38,0.92,-22.14,5.81,165.96,0,0
46,0.09,-0.39,0.95,-22.45,5.19,167.59,0,0
47,0.09,-0.38,0.95,-21.88,5.15,167.35,0,0
48,0.09,-0.38,0.95,-21.64,5.66,165.96,0,0
49,0.1,-0.38,0.95,-21.48,6.08,164.85,0,0
50,0.09,-0.38,0.95,-21.48,5.62,165.96,0,0
51,0.09,-0.38,0.95,-21.64,5.19,167.09,0,0
52,0.09,-0.38,0.95,-21.88,5.62,166.24,0,0
53,0.09,-0.38,0.95,-21.64,5.66,165.96,0,0
54,0.1,-0.38,0.95,-21.48,6.08,164.85,0,0
55,0.09,-0.38,0.96,-21.32,5.11,167.09,0,0
56,0.09,-0.38,0.95,-21.64,5.66,165.96,0,0
57,0.09,-0.38,0.95,-21.88,5.62,166.24,0,0
58,0.09,-0.38,0.95,-22.05,5.19,167.35,0,0
59,0.08,-0.38,0.96,-21.32,4.65,168.23,0,0
60,0.08,-0.38,0.94,-21.8,4.76,168.23,0,0
61,0.09,-0.38,0.95,-21.48,5.62,165.96,0,0
62,0.09,-0.38,0.95,-21.88,5.15,167.35,0,0
63,0.09,-0.38,0.94,-22.21,5.71,166.24,0,0
64,0.09,-0.38,0.95,-21.48,5.62,165.96,0,0
65,0.09,-0.38,0.95,-21.48,5.15,167.09,0,0
66,0.09,-0.38,0.95,-21.64,5.66,165.96,0,0
67,0.08,-0.38,0.95,-22.05,4.72,168.47,0,0
68,0.09,-0.38,0.94,-22.21,5.24,167.35,0,0
69,0.09,-0.38,0.95,-22.05,5.19,167.35,0,0
70,0.09,-0.37,0.95,-21.23,5.66,165.68,0,0
71,0.09,-0.38,0.95,-21.48,5.62,165.96,0,0
72,0.1,-0.38,0.95,-21.64,6.13,164.85,0,0
73,0.09,-0.38,0.96,-21.32,5.57,165.96,0,0
74,0.09,-0.38,0.95,-21.48,5.62,165.96,0,0
75,0.09,-0.38,0.95,-21.88,5.15,167.35,0,0
76,0.09,-0.38,0.97,-21.16,5.53,165.96,0,0
77,0.1,-0.37,0.95,-21.07,6.08,164.54,0,0
78,0.09,-0.38,0.95,-22.05,5.19,167.35,0,0
79,0.09,-0.34,0.95,-19.83,5.15,165.96,0,0
80,0.08,-0.35,0.97,-19.95,4.61,167.47,0,0
81,0.06,-0.35,0.99,-19.51,3.6,169.92,0,0
82,-0.07,-0.18,1.06,-9.6,-3.79,-158.63,0,0
83,-0.13,0.65,0.64,45.35,-11.71,-11.58,0,0
84,0.09,0.86,0.42,63.85,11.51,5.71,0,0
85,0.2,0.91,0.03,88.04,81.25,12.53,0,0
86,0.3,0.96,-0.18,100.59,120.53,17.59,0,0
87,0.21,0.78,-0.41,117.92,153,15.11,0,0
88,0.27,0.95,-0.16,99.31,120.47,15.57,0,0
89,0.22,0.92,-0.02,90.97,94.09,13.35,0,0
90,0.19,0.93,0.02,88.56,82.87,11.4,4,0
91,0.2,0.94,0.02,88.57,83.42,12.23,4,0
92,0.21,0.93,0.03,88.07,81.57,12.78,4,0
93,0.21,0.93,0.04,87.59,79.51,12.78,4,0
94,0.21,0.94,0.05,86.66,75.47,12.68,4,0
95,0.21,0.94,0.05,87.14,77.47,12.68,4,0
96,0.23,0.91,0.11,83.12,64.23,14.04,4,0
97,0.24,0.91,0.18,78.79,53.43,14.96,4,0
98,0.24,0.9,0.08,85.03,72.12,15.09,4,0
99,0.24,0.94,0.09,84.76,70.46,14.48,4,0
100,0.25,0.92,0.1,83.71,67.89,15.17,4,0
101,0.25,0.94,0.09,84.29,69.44,14.93,4,0
102,0.25,0.91,0.06,86.05,75.96,15.42,4,0
103,0.24,0.97,0.05,86.77,77.28,14.04,4,0
104,0.23,0.93,0.04,87.59,80.54,14.15,4,0
105,0.23,0.94,0.06,86.19,75.07,14.04,4,0
106,0.24,0.93,0.07,85.67,73.81,14.6,4,0
107,0.23,0.92,0.05,86.61,76.87,14.26,4,0
108,0.23,0.91,0.06,86.05,74.58,14.04,4,0
109,0.23,0.92,0.04,87.57,80.22,13.81,4,0
110,0.23,0.92,0.06,86.12,74.58,13.81,4,0
111,0.23,0.91,0.06,86.05,74.58,14.04,4,0
112,0.19,0.88,-0.47,118.18,158.2,12.09,6,0
113,0.16,0.76,-0.79,136.16,168.25,12.22,6,0
114,0.15,0.8,-0.27,108.94,151.5,10.55,6,0
115,0.21,0.84,0.23,74.97,42.95,14.04,1,0
116,0.22,0.86,0.38,66.43,30.26,14.28,1,0
117,0.26,0.86,0.39,65.56,33.42,16.7,1,0
118,0.23,0.88,0.38,66.37,30.62,14.52,1,0
119,0.23,0.88,0.34,68.73,33.39,14.39,1,0
0,0.23,0.88,0.34,68.55,33.39,14.52,1,0
1,0.22,0.88,0.33,69.61,33.69,13.92,1,0
2,0.23,0.88,0.34,69.17,34.9,14.87,1,0
3,0.23,0.89,0.33,69.78,34.62,14.27,1,0
4,0.23,0.88,0.3,70.96,36.63,14.39,1,0
3,0.23,0.89,0.33,69.78,34.62,14.27,1,0
4,0.23,0.88,0.3,70.96,36.63,14.39,1,0
5,0.23,0.89,0.31,70.67,36.87,14.74,1,0
6,0.23,0.88,0.33,69.61,35.54,14.87,1,0
7,0.23,0.88,0.32,70.06,36.19,14.87,1,0
2,0.26,0.7,0.64,47.66,21.92,20.14,4,0
3,0.25,0.7,0.66,46.97,20.85,19.57,4,0
4,0.25,0.7,0.65,47,21.08,19.78,4,0
5,0.27,0.69,0.65,46.67,22.28,21.12,4,0
6,0.24,0.7,0.64,47.34,20.71,19.2,4,0
7,0.23,0.7,0.65,47,19.87,18.63,4,0
8,0.26,0.7,0.63,48.01,22.17,20.14,4,0
9,0.26,0.7,0.64,47.66,21.92,20.14,4,0
10,0.26,0.7,0.64,47.66,21.92,20.14,4,0
11,0.26,0.7,0.63,48.01,22.17,20.14,4,0
12,0.25,0.72,0.63,48.99,21.8,19.18,4,0
13,0.26,0.7,0.63,47.69,22.17,20.34,4,0
14,0.25,0.7,0.64,47.66,21.32,19.57,4,0
15,0.25,0.72,0.64,48.29,21.32,19.18,4,0
16,0.26,0.7,0.64,47.66,21.92,20.14,4,0
17,0.26,0.7,0.63,47.69,22.17,20.34,4,0
18,0.26,0.76,0.56,53.41,24.62,18.79,4,0
19,0.3,0.91,0.09,84.14,72.9,18.43,4,0
20,0.27,0.86,-0.32,110.44,140.33,17.18,6,0
21,0.32,0.95,-0.25,104.7,127.97,18.58,6,0
22,0.3,0.91,-0.09,95.86,107.1,18.43,6,0
23,0.34,0.89,0.06,85.99,79.46,20.67,1,0
24,0.31,0.85,0.29,71.25,47.23,20.15,1,0
25,0.29,0.83,0.43,62.58,33.93,19.24,1,0
26,0.3,0.82,0.45,61.08,33.23,19.9,1,0
27,0.3,0.83,0.45,61.31,33.92,20.2,1,0
28,0.3,0.84,0.46,61.13,33.47,20.03,1,0
29,0.29,0.82,0.45,61.08,32.54,19.41,1,0
30,0.3,0.82,0.44,61.93,34.85,20.38,1,0
31,0.3,0.84,0.45,61.54,33.23,19.55,1,0
32,0.29,0.83,0.45,61.73,32.99,19.24,1,0
33,0.29,0.84,0.44,62.37,33.45,19.08,1,0
34,0.29,0.82,0.44,61.93,33.45,19.41,1,0
35,0.27,0.84,0.45,61.96,31.55,18.11,1,0
36,0.27,0.88,0.41,65.1,33.94,17.35,1,0
37,0.25,0.86,0.38,66.43,33.69,16.22,1,0
38,0.2,0.9,0.41,65.67,25.68,12.26,1,0
39,0.21,0.86,0.4,65.13,27.9,13.79,1,0
40,0.27,0.89,0.34,68.9,38.5,17.07,1,0
41,0.35,0.88,0.35,68.11,45,21.89,1,0
42,0.36,0.8,0.33,67.82,47.6,24.07,1,0
43,0.29,0.88,0.28,72.18,45.78,18.28,2,0
44,0.2,0.87,0.34,68.38,30.58,13.18,2,0
45,0.23,0.89,0.37,67.59,32.55,14.74,2,0
46,0.45,0.88,0.25,74.19,60.69,26.77,2,0
47,0.39,0.84,0.32,69.03,50.65,25.05,2,0
48,0.27,0.87,0.3,71.1,42.65,17.5,2,0
49,0.23,0.86,0.39,65.56,30.96,15.26,2,0
50,0.34,0.89,0.33,69.78,45.67,20.67,2,0
51,0.4,0.85,0.34,68.47,49.86,25.07,2,0
52,0.39,0.81,0.4,63.88,44.43,25.68,2,0
53,0.2,0.88,0.32,69.89,32.38,13.07,2,0
54,0.21,0.88,0.38,66.37,28.86,13.55,2,0
55,0.31,0.91,0.31,70.97,45,19.03,2,0
56,0.4,0.84,0.34,67.65,49.21,25.48,2,0
57,0.38,0.88,0.37,67.42,45.6,23.01,2,0
58,0.25,0.91,0.31,70.97,38.66,15.42,2,0
59,0.26,0.88,0.4,65.52,32.91,16.42,2,0
60,0.36,0.85,0.27,72.2,52.73,22.88,2,0
61,0.4,0.86,0.3,70.48,52.59,24.87,2,0
62,0.34,0.87,0.33,69.27,46.33,21.62,2,0
63,0.26,0.9,0.27,73.07,43.32,16.01,2,0
64,0.23,0.88,0.35,68.29,33.69,14.87,2,0
65,0.28,0.93,0.3,71.85,42.71,16.83,2,0
66,0.39,0.8,0.29,70.06,53.5,26.11,2,0
67,0.27,0.95,0.3,72.27,41.08,15.57,2,0
68,0.23,0.91,0.32,70.53,36.19,14.5,2,0
69,0.34,0.88,0.29,71.72,49.94,21.45,2,0
70,0.36,0.87,0.3,70.64,49.71,22.51,2,0
71,0.33,0.86,0.27,72.35,50.19,20.9,2,0
72,0.28,0.9,0.29,72.16,44.22,17.38,2,0
73,0.34,0.91,0.12,82.63,71.18,20.77,2,0
74,0.32,0.97,-0.09,95.07,105.02,18.3,5,0
75,0.27,0.92,-0.16,99.62,119.74,16.52,5,0
76,0.23,0.88,-0.22,103.92,133.99,14.39,5,0
77,0.24,0.87,-0.22,104.16,132.09,15.6,5,0
78,0.18,0.93,-0.19,101.4,136.22,10.94,5,0
79,0.23,0.92,-0.16,99.62,124.59,13.81,5,0
80,0.28,0.91,0.05,87.04,80.54,17.24,4,0
81,0.32,0.92,0.18,78.97,60.71,19.16,4,0
82,0.33,0.84,0.27,72.53,51.01,21.25,4,0
83,0.26,0.93,0.2,77.68,51.77,15.5,4,0
84,0.29,0.92,0.17,79.44,59.26,17.41,4,0
85,0.3,0.91,0.18,78.79,59.47,18.58,4,0
86,0.3,0.92,0.17,79.44,60.57,18.29,4,0
87,0.31,0.91,0.19,78.41,59.04,18.87,4,0
88,0.31,0.92,0.2,78.04,57.99,18.73,4,0
89,0.31,0.92,0.16,79.91,62.3,18.73,4,0
90,0.31,0.92,0.18,78.97,60.1,18.73,4,0
91,0.3,0.92,0.17,79.44,60.57,18.29,4,0
92,0.3,0.91,0.17,79.35,60.57,18.43,4,0
93,0.3,0.92,0.2,78.04,56.66,17.85,4,0
94,0.32,0.9,0.17,79.17,61.78,19.62,4,0
95,0.31,0.91,0.17,79.26,61.19,19.03,4,0
96,0.31,0.91,0.17,79.26,61.19,19.03,4,0
97,0.3,0.92,0.16,79.91,61.07,17.85,4,0
98,0.32,0.89,0.17,79.08,61.78,19.78,4,0
99,0.3,0.95,0.15,81.15,63.43,17.3,4,0
100,0.3,0.92,-0.13,98.2,114.1,17.85,6,0
101,0.3,0.91,-0.12,97.31,111.54,17.99,6,0
102,0.2,0.94,-0.03,91.91,99.09,11.77,6,0
103,0.3,0.93,-0.04,92.41,97.5,17.71,6,0
104,0.27,0.83,0.09,84.08,72.07,17.78,1,0
105,0.27,0.81,0.22,74.93,51.34,18.6,1,0
106,0.34,0.77,0.36,64.86,43.07,23.69,1,0
107,0.25,0.89,0.37,67.59,34.25,15.68,1,0
108,0.28,0.9,0.37,67.77,37.45,17.38,1,0
109,0.29,0.87,0.38,66.61,37.63,18.43,1,0
110,0.28,0.84,0.35,67.19,38.66,18.6,1,0
111,0.29,0.88,0.37,67.42,38.21,18.13,1,0
112,0.27,0.85,0.35,67.57,37.87,17.8,1,0
113,0.28,0.87,0.38,66.18,36.3,17.97,1,0
114,0.29,0.85,0.37,66.67,38.21,18.75,1,0
115,0.29,0.85,0.37,66.67,38.21,18.75,1,0
116,0.3,0.87,0.38,66.18,37.79,18.9,1,0
117,0.3,0.85,0.38,66.23,38.37,19.22,1,0
118,0.3,0.87,0.37,67.05,38.96,18.9,1,0
119,0.29,0.86,0.37,66.86,38.21,18.59,1,0
2,0.26,0.93,0.24,75.4,46.79,15.5,4,0
3,0.26,0.91,0.24,75.16,46.79,15.75,4,0
4,0.27,0.93,0.24,75.4,47.64,15.95,4,0
5,0.27,0.87,0.27,72.97,45.83,17.5,4,0
6,0.26,0.91,0.23,76.08,48.69,15.75,4,0
7,0.25,0.91,0.22,76.43,48.81,15.42,4,0
8,0.33,1.06,0.19,79.99,60.26,17.16,6,0
9,0.18,0.81,-0.18,102.47,135,12.47,6,0
10,0.23,0.82,0.37,65.89,32.55,15.95,1,0
11,0.25,0.86,0.38,65.99,33.15,16.22,1,0
12,0.19,0.88,0.38,66.37,26.1,12.09,1,0
13,0.21,0.88,0.38,66.99,29.36,13.44,1,0
14,0.2,0.87,0.4,65.32,27.01,13.18,1,0
15,0.2,0.87,0.38,66.18,27.95,13.18,1,0
16,0.2,0.88,0.4,65.71,26.11,12.48,1,0
17,0.21,0.88,0.39,66.13,28.37,13.44,1,0
18,0.21,0.87,0.37,67.05,29.88,13.67,2,0
19,0.12,0.72,0.32,65.98,20.1,9.26,2,0
20,0.02,0.83,0.48,59.68,2.77,1.62,2,0
21,0.24,0.94,0.19,78.69,52.25,14.48,2,0
22,0.23,0.87,0.37,67.05,31.68,14.64,2,0
23,0.16,0.96,0.25,75.42,32.01,9.24,2,0
24,0.27,1.01,0.24,76.49,47.64,14.77,2,0
25,0.27,0.9,0.23,75.38,48.58,16.47,2,0
26,0.13,1,0.23,76.81,28.07,7.13,2,0
27,0.17,1.05,0.3,74.17,30.07,9.32,2,0
28,0.3,0.88,0.26,73.58,49.76,19.2,2,0
29,0,0.84,0.09,83.6,0,0,2,0
30,0.09,0.95,0.29,73,16.56,5.19,2,0
31,0.23,0.89,0.24,74.79,43.09,14.27,2,0
32,0.1,0.81,0.16,79.11,33.02,7.13,2,0
33,0.08,0.85,0.31,69.85,14.04,5.24,2,0
34,0.24,0.95,0.3,72.7,39.21,14.26,2,0
35,0.21,0.98,0.22,77.47,43.96,12.09,2,0
36,0.13,0.96,0.2,78.51,34.22,7.87,2,0
37,0.23,0.88,0.27,72.79,40.6,14.87,2,0
38,0.27,0.9,0.26,73.99,46.68,16.93,2,0
39,0.09,0.93,0.28,73.17,16.99,5.28,2,0
40,0.09,0.95,0.27,73.99,18.92,5.62,2,0
41,0.23,0.92,0.26,74.38,41.31,13.81,2,0
42,0.01,0.84,0.14,80.54,3.18,0.53,2,0
43,0.14,0.99,0.21,78,33.69,8.07,2,0
44,0.27,0.93,0.06,86.15,76.76,15.95,2,0
45,0.05,0.97,0.15,81.29,17.53,2.77,2,0
46,0.14,0.92,0.13,81.8,46.64,8.67,2,0
47,0.17,0.93,0.16,80.46,47.73,10.47,2,0
48,0.14,0.56,-0.09,98.69,121.43,14.04,5,0
49,0.15,1.09,-0.19,99.8,141.63,7.78,5,0
50,0.18,0.86,0.21,76.21,40.43,11.81,4,0
51,0.16,0.89,0.34,68.9,24.44,9.95,4,0
52,0.17,0.95,0.2,77.87,40.24,10.3,4,0
53,0.24,0.94,0.16,80.07,55.89,14.48,4,0
54,0.22,0.93,0.13,81.87,58.74,13.24,4,0
55,0.21,0.95,0.1,83.87,64.29,12.58,4,0
56,0.23,0.95,0.1,83.87,65.85,13.48,4,0
57,0.23,0.94,0.05,87.14,78.69,14.04,4,0
58,0.23,0.95,0.05,87.18,78.69,13.82,4,0
59,0.32,1.16,0.02,89.23,87.21,15.39,4,0
60,-0.13,0.66,-0.23,109.05,-151.11,-10.78,4,0
61,0.23,0.93,0.08,85.2,70.97,13.7,4,0
62,0.26,0.88,0.07,85.45,74.74,16.28,4,0
63,0.24,0.95,0.06,86.22,75.53,14.37,4,0
64,0.23,0.93,0.07,85.67,73.3,14.15,4,0
65,0.22,0.95,0.09,84.81,68.55,13.03,4,0
66,0.23,0.94,0.07,85.71,72.76,13.59,4,0
67,0.22,0.92,0.05,86.61,75.96,13.35,4,0
68,0.23,0.95,0.05,87.16,78.31,13.48,4,0
69,0.23,0.94,0.07,85.71,72.76,13.59,4,0
70,0.23,0.94,0.08,85.24,70.97,13.59,4,0
71,0.22,0.96,0.07,85.82,72.18,12.82,4,0
72,0.24,0.93,0.04,87.59,80.84,14.6,4,0
73,0.23,0.94,0.07,85.71,73.3,14.04,4,0
74,0.21,0.94,0.08,85.24,69.68,12.68,4,0
75,0.19,0.94,0.12,82.87,57.99,11.31,4,0
76,0.34,1.23,-0.05,92.55,99.25,15.32,6,0
77,0.16,0.76,-0.16,102.22,135,12.22,6,0
78,0.19,0.96,-0.05,93.26,106.26,11.04,6,0
79,0.11,0.84,0.27,72.37,22.38,7.45,1,0
80,0.09,0.88,0.31,70.51,15.38,5.56,1,0
81,0.18,0.89,0.37,67.59,26.08,11.41,1,0
82,0.2,0.88,0.35,68.11,29.05,12.58,1,0
83,0.12,0.9,0.36,68.2,18.06,7.43,1,0
84,0.14,0.89,0.37,67.59,20.96,8.97,1,0
85,0.13,0.89,0.37,67.59,19.89,8.48,1,0
86,0.13,0.89,0.35,68.46,20.7,8.48,1,0
87,0.13,0.89,0.37,67.59,19.89,8.48,1,0
88,0.14,0.88,0.38,66.99,20.56,9.05,1,0
89,0.16,0.87,0.38,66.18,22.2,10.21,1,0
90,0.19,0.88,0.36,67.67,27.55,12.09,1,0
91,0.2,0.89,0.34,68.9,29.6,12.37,1,0
92,0.18,0.91,0.34,69.82,28.14,11.12,1,0
93,0.13,0.91,0.34,69.66,20.41,7.85,1,0
94,0.2,0.89,0.33,69.78,31.76,12.85,1,0
95,0.19,0.89,0.35,68.46,28.07,11.89,1,0
96,0.19,0.88,0.35,68.29,28.07,11.99,1,0
97,0.2,0.88,0.3,71.41,34.38,12.96,1,0
98,0.24,0.87,0.3,70.64,38.48,15.6,1,0
99,0.2,0.9,0.33,69.94,31.76,12.74,1,0
100,0.2,0.9,0.27,73.07,36.61,12.74,1,0
101,0.21,0.92,0.28,73.03,36.87,12.89,1,0
102,0.36,0.91,0.2,77.37,60.52,21.63,2,0
103,0.09,0.95,0.22,77.07,23.2,5.62,2,0
104,0.18,1.04,0.31,73.26,29.9,9.81,2,0
105,0.26,0.87,0.33,69.27,38.16,16.56,2,0
106,-0.03,0.93,0.1,83.77,-17.1,-1.93,2,0
107,0.02,0.94,0.27,74.18,3.37,0.95,2,0
108,0.14,0.95,0.21,77.42,33.69,8.46,2,0
109,0.01,0.91,0.2,77.37,2.2,0.49,2,0
110,0.18,0.75,0.16,77.66,47.6,13.47,2,0
111,0.32,0.95,0.26,74.86,51.17,18.58,2,0
112,0.07,0.91,0.2,77.47,19.09,4.4,2,0
113,0.23,1.02,0.21,78.27,48.01,12.99,2,0
114,0.06,0.99,0.09,85.05,36.03,3.6,2,0
115,0.19,0.77,-0.07,95.25,110.56,13.76,2,0
116,0.22,0.91,-0.25,105.3,138.81,13.46,2,0
117,0.23,0.98,-0.34,109.39,146.61,13.06,2,0
118,0.2,0.9,0.24,74.91,38.88,12.26,2,0
119,0.21,0.9,0.25,74.45,40.16,13.21,2,0
2,0.26,0.83,0.46,60.9,29.22,17.29,4,0
3,0.26,0.82,0.45,61.08,29.64,17.45,4,0
4,0.27,0.8,0.5,58.14,28.67,18.77,4,0
5,0.25,0.8,0.49,58.55,26.93,17.26,4,0
6,0.24,0.81,0.48,59.2,26.57,16.6,4,0
7,0.24,0.81,0.49,58.79,26.2,16.6,4,0
8,0.24,0.81,0.55,55.68,23.59,16.6,4,0
9,0.24,0.83,0.49,59.28,26.2,16.3,4,0
10,0.26,0.82,0.48,59.85,28.41,17.45,4,0
11,0.24,0.82,0.47,60.26,27.32,16.45,4,0
12,0.25,0.81,0.47,60.02,28.07,17.1,4,0
13,0.25,0.81,0.46,60.43,28.47,17.1,4,0
14,0.25,0.83,0.45,61.31,28.89,16.8,4,0
15,0.26,0.82,0.46,60.67,29.22,17.45,4,0
16,0.25,0.83,0.46,60.9,28.47,16.8,4,0
17,0.25,0.84,0.48,60.31,27.68,16.65,4,0
18,0.24,0.78,0.46,59.46,27.72,17.22,4,0
19,0.25,0.88,0.09,83.94,69.44,15.81,6,0
20,0.25,1.09,-0.41,110.87,148.88,12.96,6,0
21,0.19,0.76,-0.15,101.08,128.37,13.9,6,0
22,0.25,0.78,0.34,66.73,36.66,17.74,1,0
23,0.25,0.88,0.29,71.72,40.86,15.95,1,0
24,0.24,0.89,0.36,68.03,33.98,15.21,1,0
25,0.23,0.87,0.36,67.49,33.11,15.12,1,0
26,0.24,0.87,0.35,67.93,34.56,15.6,1,0
27,0.26,0.88,0.36,67.67,35.66,16.42,1,0
28,0.25,0.86,0.34,68.65,36.66,16.22,1,0
29,0.25,0.88,0.33,69.44,37.3,15.95,1,0
30,0.23,0.88,0.35,68.11,33.69,15,1,0
31,0.25,0.88,0.35,68.11,35.42,15.95,1,0
32,0.24,0.88,0.33,69.61,36.43,15.34,1,0
33,0.26,0.89,0.31,70.67,39.52,16.14,1,0
34,0.24,0.89,0.32,70.22,37.09,15.21,1,0
35,0.23,0.89,0.3,71.57,38.29,14.74,1,0
36,0.25,0.88,0.32,70.06,37.97,15.81,1,0
37,0.24,0.9,0.33,69.94,36.43,15.09,1,0
38,0.24,0.89,0.32,70.22,37.09,15.21,1,0
39,0.23,0.9,0.34,69.5,34.9,14.62,1,0
40,0.23,0.88,0.35,68.11,32.8,14.52,1,0
41,0.24,0.87,0.34,68.82,35.79,15.6,1,0
42,0.24,0.87,0.34,68.38,35.17,15.6,1,0
43,0.27,0.88,0.34,68.73,37.69,16.75,1,0
44,0.41,0.83,0.33,68.39,51.07,26.13,2,0
45,0.1,0.92,0.35,69.13,16.11,6.29,2,0
46,0.13,0.9,0.34,69.06,19.98,7.92,2,0
47,0.34,0.82,0.28,71.08,50.06,22.27,2,0
48,0.04,0.76,0.27,70.16,8.13,2.95,2,0
49,0.14,0.83,0.41,63.43,18.76,9.64,2,0
50,0.37,0.82,0.19,77.13,62.95,24.11,2,0
51,0.17,0.9,0.27,73.53,32.91,10.83,2,0
52,0.13,0.87,0.4,65.32,18.43,8.71,2,0
53,0.36,0.81,0.34,67.54,46.93,23.86,2,0
54,0.36,0.98,0.44,66.04,39.4,20.06,2,0
55,0.13,0.88,0.37,67.23,19.89,8.63,2,0
56,0.32,0.99,0.41,67.73,38.25,17.89,2,0
57,0.3,0.86,0.36,67.31,40.29,19.52,2,0
58,0.18,0.86,0.32,69.56,29.29,11.81,2,0
59,0.17,0.93,0.39,67.21,23.75,10.47,2,0
60,0.34,0.91,0.24,75.04,54.83,20.77,2,0
61,0.23,0.97,0.37,69.24,32.55,13.6,2,0
62,0.13,0.89,0.38,66.74,19.13,8.48,2,0
63,0.24,0.76,0.3,68.61,39.21,17.72,2,0
64,0.36,0.86,0.34,68.2,46.27,22.69,2,0
65,0.17,0.9,0.34,69.5,27.1,10.83,2,0
66,0.17,0.89,0.36,68.03,25.56,10.92,2,0
67,0.31,0.86,0.28,71.88,48.01,19.98,2,0
68,0.22,0.95,0.34,70.44,33.07,13.03,2,0
69,0.11,0.88,0.33,69.61,18.43,7.06,2,0
70,0.41,0.86,0.38,66.43,47.29,25.3,2,0
71,0.33,0.91,0.26,74.12,51.84,19.9,2,0
72,0.13,0.9,0.26,73.99,25.87,7.92,2,0
73,0.33,0.8,0.18,77.41,61.29,22.18,2,0
74,0.36,0.77,0.36,64.86,45,25.14,2,0
75,0.14,0.8,0.28,70.73,26.57,9.91,2,0
76,0.31,1.03,0.38,69.63,39.23,16.86,2,0
77,0.37,0.79,0.35,65.98,46.25,24.95,2,0
78,0.16,0.84,0.35,67.38,25.02,11,2,0
79,0.15,0.84,0.43,62.8,19.06,10.07,2,0
80,0.38,0.84,0.32,69.03,50.08,24.61,2,0
81,0.25,0.91,0.29,72.31,40.86,15.42,2,0
82,0.13,0.84,0.38,66.04,18.43,8.43,2,0
83,0.41,0.83,0.31,69.33,52.43,26.13,2,0
84,0.35,1.04,0.35,71.31,45,18.69,2,0
85,0.11,0.91,0.28,72.76,21.25,6.88,2,0
86,0.41,0.84,0.15,80.02,70.28,26.14,2,0
87,0.38,0.84,0.24,73.84,57.14,24.16,2,0
88,0.13,0.9,0.34,69.5,20.41,7.92,2,0
89,0.16,0.89,0.34,68.9,24.44,9.95,2,0
90,0.41,0.84,0.27,72.04,56.56,26.14,2,0
91,0.13,0.84,0.32,69.21,22.52,8.95,2,0
92,0.17,0.85,0.39,65.36,23.75,11.41,2,0
93,0.38,0.82,0.34,67.73,48.14,24.57,2,0
94,0.16,0.89,0.32,70.22,26,9.95,2,0
95,0.13,0.87,0.42,64.06,17.47,8.71,2,0
96,0.38,0.8,0.28,70.73,53.13,24.99,2,0
97,0.04,0.75,0.28,69.44,7.91,2.98,2,0
98,0.15,0.87,0.38,66.61,21.6,9.71,2,0
99,0.31,0.81,0.25,72.9,51.34,21.04,2,0
100,0.18,0.95,0.43,65.56,22.69,10.76,2,0
101,0.17,0.84,0.41,63.65,22.54,11.62,2,0
102,0.35,0.83,0.24,73.7,55.44,23,2,0
103,0.26,1.14,0.43,69.36,30.96,12.74,2,0
104,0.14,0.78,0.41,62.08,18.76,10.2,2,0
105,0.34,0.81,0.23,74.42,56.61,22.93,2,0
106,0.07,0.97,0.18,79.49,21.37,4.15,2,0
107,0.17,0.83,0.02,88.92,84.81,11.73,5,0
108,0.26,0.86,-0.46,118.21,150.78,16.7,5,0
109,0.24,0.88,0.02,88.99,86.31,15.34,5,0
110,0.31,0.95,0.31,71.85,45,18.15,5,0
111,0.38,0.84,0.38,65.39,44.41,24.16,4,0
112,0.38,0.84,0.3,69.97,51.48,24.61,4,0
113,0.19,0.78,0.4,62.98,25.2,13.5,4,0
114,0.22,0.89,0.35,68.46,31.89,13.8,4,0
115,0.22,0.88,0.34,69.17,33.07,13.92,4,0
116,0.23,0.88,0.36,67.67,33.11,15,4,0
117,0.18,0.91,0.31,70.97,29.9,11.21,4,0
118,0.18,0.89,0.3,71.11,30.53,11.41,4,0
119,0.19,0.89,0.33,69.78,29.74,11.89,4,0
0,0.18,0.89,0.32,70.22,29.29,11.41,4,0
1,0.18,0.88,0.37,67.42,26.08,11.5,4,0
2,0.2,0.88,0.35,68.11,29.05,12.58,4,0
3,0.17,0.88,0.38,66.37,24.18,11.11,4,0
4,0.17,0.88,0.36,67.85,25.56,11.02,4,0
5,0.19,0.89,0.37,67.59,27.05,11.89,4,0
6,0.21,0.87,0.37,67.05,29.88,13.67,4,0
7,0.2,0.87,0.36,67.49,29.48,13.18,4,0
1,0,0.3,-0.91,162.01,180,0,0,0
2,0,0.3,-0.9,161.71,180,0,0,0
3,0,0.3,-0.91,161.57,180,0,0,0
4,0.01,0.3,-0.91,161.57,179.51,1.47,0,0
5,0,0.3,-0.91,161.57,180,0,0,0
6,0.01,0.3,-0.91,161.57,179.51,1.47,0,0
7,0.01,0.31,-0.91,161.13,179.51,1.43,0,0
8,0.01,0.31,-0.91,161.13,179.51,1.43,0,0
9,0.02,0.32,-0.91,160.69,179.02,2.79,0,0
10,0.01,0.32,-0.91,160.69,179.51,1.4,0,0
11,0.01,0.31,-0.92,161.27,179.51,1.43,0,0
12,0.01,0.3,-0.91,161.57,179.51,1.47,0,0
13,0.01,0.3,-0.91,161.42,179.51,1.47,0,0
14,0.01,0.3,-0.91,161.57,179.51,1.47,0,0
15,0,0.3,-0.91,161.57,180,0,0,0
16,0.01,0.3,-0.91,161.86,179.51,1.51,0,0
17,0.01,0.3,-0.91,161.42,179.51,1.47,0,0
18,0,0.3,-0.92,162.15,180,0,0,0
19,0.02,0.3,-0.91,161.57,179.02,2.94,0,0
20,0,0.3,-0.92,161.71,180,0,0,0
21,0.02,0.3,-0.91,161.57,179.02,2.94,0,0
22,0.02,0.3,-0.93,161.85,179.04,2.94,0,0
23,0.02,0.36,-0.91,158.37,178.52,3.73,0,0
24,0.18,0.59,-0.8,143.94,167.41,17.05,0,0
25,0.14,0.91,-0.1,96.34,125.84,8.75,0,0
26,0.13,0.71,-0.53,126.77,166.76,9.97,0,0
27,-0.24,0.68,-0.5,126.34,-154.16,-19.61,0,0
28,-0.23,0.72,-0.18,104.04,-128.42,-17.5,0,0
29,-1.04,0.44,0.39,48.24,-69.4,-67.17,0,0
30,-0.77,0.16,0.52,17.65,-56.31,-78.02,0,0
31,-0.78,0.33,0.46,35.45,-59.46,-67.22,0,0
32,-0.84,0.27,0.45,31.11,-61.76,-72.04,0,0
33,-0.79,0.3,0.45,33.69,-60.56,-69.38,0,0
34,-0.8,0.29,0.47,31.66,-59.53,-70.06,0,0
35,-0.8,0.27,0.48,29.13,-59.12,-71.57,0,0
36,-0.79,0.27,0.48,29.13,-58.87,-71.4,0,0
37,-0.79,0.27,0.47,30.26,-59.29,-70.89,0,0
38,-0.8,0.27,0.47,29.54,-59.53,-71.57,0,0
39,-0.8,0.28,0.47,30.96,-59.53,-70.56,0,0
40,-0.8,0.29,0.48,31.24,-59.12,-70.06,0,0
41,-0.78,0.29,0.48,31.24,-58.62,-69.7,0,0
42,-0.79,0.29,0.47,31.66,-59.29,-69.88,0,0
43,-0.78,0.29,0.48,31.24,-58.62,-69.7,0,0
44,-0.78,0.29,0.48,31.24,-58.62,-69.7,0,0
45,-0.77,0.3,0.48,31.92,-58.36,-69,0,0
46,-0.78,0.3,0.47,32.35,-59.04,-69.19,0,0
47,-0.78,0.3,0.47,32.35,-59.04,-69.19,0,0
48,-0.79,0.29,0.48,31.24,-58.87,-69.88,0,0
49,-0.78,0.3,0.48,31.92,-58.62,-69.19,0,0
50,-0.79,0.25,0.53,25.2,-56.05,-72.42,0,0
51,-0.67,0.38,0.79,25.42,-40.41,-60.83,0,0
52,-0.41,-0.15,1.03,-8.19,-21.88,-109.72,0,0
53,-0.05,-0.61,0.77,-38.52,-4.09,-174.87,0,0
54,0.22,0.3,0.43,34.64,26.98,36.38,0,0
55,0.21,-0.49,0.89,-28.93,13.32,156.8,0,0
56,0.23,-0.41,1.09,-20.74,11.7,151.31,0,0
57,0.1,-0.38,0.94,-21.8,6.18,164.85,0,0
58,0.07,-0.42,0.93,-24.41,4.33,170.54,0,0
59,0.06,-0.41,0.95,-23.65,3.78,171.42,0,0
60,0.06,-0.42,0.93,-24.41,3.85,171.57,0,0
61,0.05,-0.41,0.94,-23.83,3.34,172.48,0,0
62,0.06,-0.42,0.92,-24.59,3.88,171.57,0,0
63,0.05,-0.41,0.93,-24.01,3.37,172.48,0,0
64,0.07,-0.41,0.93,-24.01,4.33,170.36,0,0
65,0.06,-0.41,0.94,-23.83,3.81,171.42,0,0
66,0.06,-0.43,0.93,-24.81,3.85,171.72,0,0
67,0.06,-0.41,0.93,-23.6,3.85,171.25,0,0
68,0.07,-0.41,0.93,-24.01,4.33,170.36,0,0
69,0.04,-0.4,0.92,-23.37,2.43,174.4,0,0
70,0.21,0.2,0.87,13.18,13.67,46.08,0,0
71,0.33,-0.53,0.91,-30.17,19.75,148.3,0,0
72,0.09,-0.24,0.95,-14.26,5.15,160.46,0,0
73,0.23,0.26,0.59,23.47,20.89,41.31,0,0
74,1.02,-0.41,0.34,-50.95,71.7,112.18,0,0
75,0.98,-0.02,-0.05,-153.43,92.75,91.37,0,0
76,1.11,-0.25,-0.38,-146.31,108.68,102.7,0,0
77,0.92,-0.34,-0.13,-111.57,98.2,110.02,0,0
78,0.96,-0.27,-0.01,-91.64,90.47,105.88,0,0
79,0.98,-0.34,-0.07,-101.82,94.09,108.84,0,0
80,0.97,-0.34,-0.01,-91.33,90.46,109.13,0,0
81,0.97,-0.34,0.02,-86.1,88.61,109.54,0,0
82,0.98,-0.35,0,-90,90,109.8,0,0
83,0.97,-0.34,0.01,-88.67,89.54,109.13,0,0
84,0.97,-0.34,-0.01,-91.33,90.46,109.13,0,0
85,0.97,-0.34,-0.01,-91.33,90.46,109.13,0,0
86,0.96,-0.34,-0.01,-91.33,90.47,109.27,0,0
87,0.97,-0.34,0,-90,90,109.13,0,0
88,0.97,-0.34,-0.02,-93.99,91.39,109.13,0,0
89,0.98,-0.33,-0.01,-91.36,90.46,108.57,0,0
90,0.97,-0.34,-0.02,-92.66,90.92,109.13,0,0
91,0.97,-0.33,-0.02,-92.73,90.92,108.71,0,0
92,0.97,-0.33,-0.02,-94.09,91.39,108.71,0,0
93,0.98,-0.33,-0.02,-92.73,90.92,108.57,0,0
94,0.97,-0.33,-0.02,-92.73,90.92,108.71,0,0
95,0.98,-0.34,-0.02,-93.9,91.37,109.39,0,0
96,0.98,-0.33,-0.01,-91.36,90.45,108.43,0,0
97,0.97,-0.33,-0.01,-91.36,90.46,108.71,0,0
98,0.98,-0.32,-0.02,-92.79,90.92,108.16,0,0
99,0.98,-0.34,-0.02,-92.66,90.91,108.84,0,0
100,0.97,-0.33,-0.02,-94.09,91.39,108.71,0,0
101,0.98,-0.33,-0.02,-92.73,90.91,108.43,0,0
102,0.96,-0.33,-0.02,-94.09,91.4,108.85,0,0
103,0.91,-0.27,-0.02,-93.27,90.99,106.79,0,0
104,0.96,-0.28,0.01,-88.41,89.53,106.31,0,0
105,1.01,0.14,0.08,60.95,85.57,82.06,0,0
106,1.12,-0.12,0.17,-34.29,81.25,95.99,0,0
107,0.93,0.19,0.15,51.63,80.93,78.6,0,0
108,1.02,-0.02,0.05,-18.43,87.38,90.87,0,0
109,1,-0.11,0.09,-49.4,84.64,96.24,0,0
110,1.02,-0.11,0.09,-51.84,85.2,96.1,0,0
111,1.02,-0.1,0.09,-49.76,85.2,95.67,0,0
112,1,-0.11,0.1,-47.12,84.2,96.24,0,0
113,1.02,-0.11,0.09,-51.84,85.2,96.1,0,0
114,1.05,-0.11,0.09,-49.4,84.88,95.96,0,0
115,0.96,-0.22,0.38,-29.74,68.28,102.82,0,0
116,0.91,-0.3,0.4,-37.41,66.45,108.43,0,0
117,0.97,-0.22,0.32,-34.33,71.7,102.72,0,0
118,0.96,-0.23,0.33,-35.54,71.15,103.71,0,0
119,0.95,-0.23,0.34,-33.39,70.17,103.37,0,0
0,0.95,-0.23,0.34,-34.9,70.44,103.92,0,0
1,0.95,-0.24,0.35,-34.56,69.6,104.37,0,0
2,0.96,-0.23,0.34,-33.39,70.32,103.27,0,0
3,0.96,-0.24,0.31,-37.78,71.99,104.15,0,0
4,0.96,-0.25,0.3,-39.37,72.41,104.58,0,0
5,0.98,-0.13,0.23,-28.89,77.04,97.24,0,0
6,1.16,-0.09,0.18,-25.56,81.17,94.25,0,0
7,0.75,0.36,0.21,59.59,74.29,64.4,0,0
8,0.43,0.63,-0.11,99.81,104.28,34.18,0,0
9,0.8,0.49,-0.23,114.72,105.72,58.55,0,0
10,0.43,0.51,-0.84,148.96,153.01,40.24,0,0
11,0.02,0.6,-0.91,146.42,178.52,2.23,0,0
12,0.15,0.46,-0.77,149.21,169.14,17.85,0,0
13,0.16,0.21,-0.92,167.11,169.91,37.87,0,0
14,0.17,0.26,-0.91,164.12,169.26,33.69,0,0
15,0.2,0.26,-0.91,164.25,167.94,37.15,0,0
16,0.19,0.25,-0.92,164.83,168.5,36.87,0,0
17,0.2,0.25,-0.93,164.95,168.14,38,0,0
18,0.19,0.25,-0.92,164.83,168.5,36.87,0,0
19,0.19,0.26,-0.93,164.5,168.6,36.03,0,0
20,0.18,0.24,-0.92,165.28,168.97,36.57,0,0
21,0.3,0.67,-0.7,135.98,156.88,23.84,0,0
22,0.07,0.67,-0.61,132.21,173.42,5.97,0,0
23,-0.02,0.71,-0.66,132.71,-178.64,-1.26,0,0
24,0.15,0.67,-0.03,92.66,101.89,12.46,0,0
25,0.32,0.81,0.26,72.4,51.17,21.52,0,0
26,0.28,0.84,0.36,66.93,38.05,18.43,0,0
27,0.25,0.91,0.27,73.66,43.26,15.42,0,0
28,0.23,0.87,0.25,73.92,43.15,15.12,0,0
29,0.27,0.96,0.12,83.05,66.19,15.45,0,0
30,0.23,0.95,0.09,84.81,69.23,13.48,0,0
31,0.23,0.95,0.13,82.47,61.93,13.92,0,0
32,0.24,0.92,0.14,81.33,59.86,14.72,0,0
33,0.21,0.93,0.07,85.67,71.57,12.78,0,0
34,-0.63,0.43,-0.54,141.44,-130.78,-55.49,0,0
35,-0.62,0.42,-0.55,142.74,-131.95,-55.65,0,0
36,-0.64,0.26,-0.68,159.23,-136.69,-68.08,0,0
37,-0.52,0.08,-0.74,173.99,-144.81,-81.51,0,0
38,-0.68,0.44,-0.55,141.74,-129.22,-57.23,0,0
39,-0.58,0.4,-0.69,149.91,-139.94,-55.43,0,0
40,-0.55,0.38,-0.67,150.33,-140.86,-55.01,0,0
41,-0.54,0.35,-0.68,152.65,-141.58,-56.89,0,0
42,-0.53,0.36,-0.7,152.93,-142.93,-55.92,0,0
43,-0.52,0.34,-0.71,154.2,-143.64,-56.71,0,0
44,-0.54,0.36,-0.71,153.18,-142.83,-56.31,0,0
45,-0.52,0.34,-0.71,154.2,-143.64,-56.71,0,0
46,-0.52,0.34,-0.72,154.95,-144.34,-56.92,0,0
47,-0.52,0.34,-0.71,154.2,-143.64,-56.71,0,0
48,-0.52,0.35,-0.7,153.43,-143.33,-56.11,0,0
49,-0.53,0.34,-0.71,154.2,-143.23,-57.09,0,0
50,-0.52,0.34,-0.72,154.44,-144.34,-56.31,0,0
51,-0.52,0.35,-0.71,153.69,-143.64,-56.11,0,0
52,-0.53,0.34,-0.72,154.44,-143.53,-57.09,0,0
53,-0.52,0.35,-0.72,153.94,-144.34,-55.71,0,0
54,-0.5,0.34,-0.73,155.19,-145.47,-56.1,0,0
55,-0.5,0.35,-0.73,154.42,-145.75,-54.89,0,0
56,-0.51,0.34,-0.72,154.44,-144.76,-55.91,0,0
57,-0.52,0.34,-0.73,154.92,-144.93,-56.31,0,0
58,-0.51,0.35,-0.73,154.42,-145.34,-55.3,0,0
59,-0.5,0.34,-0.73,154.68,-145.47,-55.49,0,0
60,-0.52,0.34,-0.73,154.92,-144.93,-56.31,0,0
61,-0.52,0.34,-0.73,154.68,-144.64,-56.31,0,0
62,-0.51,0.34,-0.73,154.68,-145.05,-55.91,0,0
63,-0.55,0.36,-0.7,152.93,-142.13,-56.69,0,0
64,-0.64,0.5,-0.53,136.74,-129.67,-52.03,0,0
65,0.18,0.48,-0.24,116.94,143.43,20.66,0,0
66,-0.41,0.82,-0.14,99.73,-108.76,-26.78,0,0
67,-0.17,0.88,-0.05,93.07,-105.26,-11.11,0,0
68,-0.48,0.95,0.25,75.3,-62.7,-26.94,0,0
69,-0.52,0.13,0.45,15.42,-49.12,-76.57,0,0
70,-0.45,0.86,0.63,53.63,-35.6,-27.8,0,0
71,0.32,0.8,0.55,55.54,30.36,21.9,0,0
72,0.16,0.39,0.37,46.77,23.05,21.8,0,0
73,0.92,0.13,0.38,18.43,67.86,82.28,0,0
74,0.98,-0.2,0.2,-45,78.25,101.75,0,0
75,1.09,-0.09,-0.42,-168.49,111.23,94.52,0,0
76,1,-0.07,-0.56,-172.87,119.36,94.02,0,0
77,0.95,-0.08,-0.09,-140.19,95.66,94.72,0,0
78,1.1,-0.08,-0.45,-170.22,112.36,94.06,0,0
79,0.7,0.55,-0.14,104.42,101.31,52.13,0,0
80,0.78,0.3,-0.45,145.62,119.68,68.69,0,0
81,0.62,0.24,-0.65,159.52,136.41,68.57,0,0
82,0.64,0.15,-0.74,168.69,139.2,76.95,0,0
83,0.63,0.15,-0.74,168.69,139.9,76.64,0,0
84,0.62,0.14,-0.76,169.49,140.84,77.16,0,0
85,0.59,0.14,-0.79,169.89,143.04,76.68,0,0
86,0.57,0.16,-0.79,168.25,144.14,73.95,0,0
87,0.57,0.15,-0.8,169.45,144.41,75.41,0,0
88,0.57,0.15,-0.8,169.45,144.41,75.41,0,0
89,0.57,0.14,-0.8,170.09,144.67,76.15,0,0
90,0.56,0.15,-0.8,169.55,145.05,75.22,0,0
91,0.56,0.14,-0.8,170.09,145.05,75.96,0,0
92,0.57,0.15,-0.8,169.45,144.41,75.41,0,0
93,0.57,0.14,-0.8,169.99,144.41,76.15,0,0
94,0.57,0.14,-0.8,169.99,144.41,76.15,0,0
95,0.57,0.14,-0.79,169.89,144.14,76.15,0,0
96,0.57,0.14,-0.8,169.99,144.41,76.15,0,0
97,0.57,0.14,-0.79,169.89,144.14,76.15,0,0
98,0.58,0.13,-0.8,170.63,144.3,77.06,0,0
99,0.57,0.13,-0.77,170.26,143.6,76.89,0,0
100,0.58,0.15,-0.8,169.55,144.3,75.6,0,0
101,0.58,0.14,-0.79,169.89,143.77,76.33,0,0
102,0.59,0.14,-0.8,169.99,143.31,76.68,0,0
103,0.58,0.16,-0.78,168.69,143.5,74.88,0,0
104,0.56,0.14,-0.8,169.99,144.78,75.96,0,0
105,0.58,0.16,-0.8,168.91,144.04,74.88,0,0
106,0.57,0.15,-0.8,169.45,144.41,75.41,0,0
107,0.57,0.15,-0.79,169.35,144.14,75.41,0,0
108,0.57,0.15,-0.79,169.35,144.14,75.41,0,0
109,0.73,0.23,-0.77,163.14,136.79,72.12,0,0
110,0.33,0.52,-0.43,129.38,142.63,32.08,0,0
111,0.73,0.48,-0.1,101.84,97.87,56.59,0,0
112,0.8,0.5,0.14,74.29,79.99,57.89,0,0
113,0.84,0.59,0.11,79.43,82.55,54.97,0,0
114,0.3,0.91,-0.06,93.91,101.89,17.99,0,0
115,0.13,0.69,-0.22,107.65,148.74,10.93,0,0
116,0.25,0.92,0.21,77.11,49.84,15.17,4,0
117,0.27,0.9,0.26,73.99,46.68,16.93,4,0
118,0.28,0.88,0.26,73.72,47.49,17.67,4,0
119,0.29,0.88,0.27,72.79,46.59,18.13,4,0
0,0.29,0.88,0.28,72.33,45.78,18.13,4,0
1,0.29,0.88,0.29,71.87,45,18.13,4,0
2,0.29,0.88,0.28,72.33,45.78,18.13,4,0
3,0.29,0.88,0.28,72.33,45.78,18.13,4,0
4,0.3,0.88,0.3,71.26,45,18.74,4,0
5,0.29,0.88,0.29,71.72,45,18.28,4,0
6,0.29,0.88,0.3,70.96,43.49,18.13,4,0
7,0.3,0.89,0.3,71.57,45,18.43,4,0
8,0.28,0.88,0.29,71.87,44.22,17.67,4,0
9,0.3,0.86,0.27,72.35,48.09,19.52,4,0
10,0.29,0.88,0.29,71.87,45,18.13,4,0
1,0.27,0.65,0.7,42.68,21.25,22.86,4,0
2,0.27,0.66,0.7,43.34,21.47,22.62,4,0
3,0.26,0.66,0.7,43.36,20.14,21.22,4,0
4,0.27,0.67,0.7,44.02,20.91,21.57,4,0
5,0.27,0.66,0.7,43.68,21.47,22.38,4,0
6,0.28,0.66,0.7,43.36,21.8,22.95,4,0
7,0.28,0.66,0.7,43.34,22.02,23.2,4,0
8,0.27,0.66,0.68,44.33,21.91,22.38,4,0
9,0.26,0.73,0.65,48.25,21.68,19.54,4,0
10,0.27,0.68,0.66,46.01,22.62,21.91,4,0
11,0.27,0.69,0.66,46.33,22.04,21.12,4,0
12,0.28,0.66,0.71,42.71,21.58,23.2,4,0
13,0.23,0.65,0.71,42.37,17.68,19.26,4,0
14,0.23,0.66,0.74,41.48,17.53,19.65,4,0
15,0.27,0.64,0.7,42.34,20.7,22.52,4,0
16,0.26,0.66,0.68,44.33,20.77,21.22,4,0
17,0.23,0.64,0.69,42.98,18.82,20.1,4,0
18,0.27,0.71,0.63,48.68,23.03,20.49,4,0
19,0.27,0.77,0.55,54.35,25.59,18.95,4,0
20,0.23,0.87,0.2,77.31,49.24,14.64,6,0
21,0.25,0.91,-0.3,108.14,139.9,15.42,6,0
22,0.23,0.83,-0.41,116.57,151.31,15.3,6,0
23,0.12,0.79,-0.53,123.95,167.56,8.45,6,0
24,0.13,0.84,-0.58,124.67,167.06,9.03,6,0
25,0.22,0.84,-0.16,101.1,126.87,14.66,1,0
26,0.21,0.85,0.28,71.72,36.87,13.91,1,0
27,0.28,0.87,0.35,67.93,38.66,17.97,1,0
28,0.25,0.88,0.34,68.55,36.03,15.95,1,0
29,0.25,0.9,0.33,69.94,37.3,15.55,1,0
30,0.23,0.91,0.31,70.97,36.87,14.5,1,0
31,0.25,0.89,0.3,71.11,39.37,15.68,1,0
32,0.24,0.9,0.29,72.16,39.96,15.09,1,0
33,0.22,0.91,0.23,75.62,43.03,13.46,1,0
34,0.12,0.92,0.23,75.74,26.57,7.24,2,0
35,0.02,0.96,0.19,78.96,4.76,0.93,2,0
36,0.3,0.95,0.18,79.32,58.82,17.3,2,0
37,0.41,0.86,0.11,82.75,74.93,25.3,2,0
38,0.01,0.95,0.27,74.31,1.68,0.47,2,0
39,0.32,0.87,0.05,86.39,80.31,20.27,2,0
40,0.37,0.86,0.19,77.69,62.95,23.14,2,0
41,-0.05,1.02,0.05,86.94,-40.6,-2.62,2,0
42,0.01,0.93,0.23,75.85,1.91,0.48,2,0
43,0.34,0.96,0.05,86.74,80.75,19.27,2,0
44,0.3,0.85,0.22,75.59,53.62,19.22,2,0
45,0.06,0.88,0.24,74.66,14.47,4.05,2,0
46,0.3,0.83,-0.02,91.62,94.4,20.2,2,0
47,0.27,0.9,0.27,73.07,45,16.93,2,0
48,0.09,0.88,0.28,72.18,16.99,5.61,2,0
49,0.3,0.84,0.05,86.26,79.56,19.55,2,0
50,0.32,0.99,0.31,72.52,45.71,17.89,2,0
51,0.09,0.86,0.26,73.3,19.98,6.23,2,0
52,0.34,0.88,0.13,81.44,68.43,20.83,2,0
53,0.27,1.02,0.26,75.76,45.86,14.66,2,0
54,0.13,0.87,0.27,72.97,26.57,8.71,2,0
55,0.33,0.84,0.13,81.57,69.15,21.25,2,0
56,0.25,1,0.38,69.05,33.15,14.04,2,0
57,0.12,0.85,0.23,74.61,26.57,7.84,2,0
58,0.25,0.95,0.16,80.23,56.73,14.7,2,0
59,0.17,1.02,0.26,75.76,33.69,9.61,2,0
60,0.14,0.94,0.23,75.96,30.96,8.53,2,0
61,0.32,0.9,0.15,80.62,65.14,19.62,2,0
62,0.13,1.02,0.14,82.12,43.36,7.45,2,0
63,0.09,0.93,0.2,78.14,23.75,5.28,2,0
64,0.32,0.89,0.12,82.5,69.9,19.78,2,0
65,0.07,0.98,0.21,77.81,18.43,4.12,2,0
66,0.31,0.83,-0.01,90.54,91.43,20.67,2,0
67,0.26,0.93,0.06,86.15,76.37,15.5,2,0
68,0.03,0.98,0.09,84.52,18.43,1.83,2,0
69,0.09,0.93,0.12,82.82,36.25,5.28,2,0
70,0.24,0.92,-0.17,100.56,125.36,14.72,5,0
71,0.12,0.87,-0.34,111.62,161.18,7.7,5,0
72,0.04,0.84,-0.46,118.87,175.16,2.68,5,0
73,0,0.76,-0.56,126.59,180,0,5,0
74,-0.17,0.72,-0.7,134.05,-166.12,-13.45,5,0
75,-0.09,0.61,-0.66,137.12,-171.87,-8.75,5,0
76,-0.05,0.74,-0.68,132.48,-175.4,-4.21,5,0
77,0.13,1.13,-0.13,96.69,135,6.69,5,0
78,0.25,0.83,0.38,65.64,33.69,16.8,4,0
79,0.25,0.75,0.6,51.27,22.57,18.43,4,0
80,0.27,0.74,0.58,52.08,25.31,20.22,4,0
81,0.27,0.77,0.55,54.35,26.24,19.47,4,0
82,0.27,0.77,0.53,55.52,26.57,18.95,4,0
83,0.27,0.78,0.53,55.78,26.57,18.78,4,0
84,0.27,0.78,0.52,56.18,26.91,18.78,4,0
85,0.27,0.79,0.53,56.05,26.57,18.6,4,0
86,0.26,0.78,0.52,56.18,26.22,18.26,4,0
87,0.27,0.78,0.52,56.18,26.91,18.78,4,0
88,0.27,0.78,0.53,55.78,26.57,18.78,4,0
89,0.26,0.79,0.52,56.44,26.22,18.09,4,0
90,0.26,0.79,0.51,57.24,26.92,18.09,4,0
91,0.27,0.77,0.52,55.91,26.91,18.95,4,0
92,0.26,0.8,0.52,57.09,26.57,17.93,4,0
93,0.25,0.81,0.5,58.39,26.57,17.1,4,0
94,0.27,0.8,0.52,57.35,27.26,18.27,4,0
95,0.27,0.79,0.52,56.44,26.91,18.6,4,0
96,0.27,0.8,0.52,57.09,27.26,18.43,4,0
97,0.26,0.79,0.52,56.84,26.57,18.09,4,0
98,0.27,0.84,0.44,62.37,31.26,17.63,4,0
99,0.24,0.91,0.24,75.04,45,14.96,6,0
100,0.21,0.96,0.08,85.35,69.68,12.38,6,0
101,0.22,0.95,0,90,90,12.93,6,0
102,0.21,0.91,0.09,84.63,67.83,12.99,6,0
103,0.21,0.9,-0.02,91,94.24,13.21,6,0
104,0.14,0.83,-0.3,109.72,154.65,9.64,6,0
105,0.02,0.66,-0.73,137.88,178.17,2.02,6,0
106,0.04,0.59,-0.72,140.81,176.89,3.81,6,0
107,0.07,0.73,-0.66,132.12,173.96,5.47,6,0
108,0.04,0.87,-0.51,120.35,175.6,2.58,6,0
109,0.16,0.92,-0.13,97.72,128.66,9.62,6,0
110,0.25,0.77,0.3,69,40.1,17.91,2,0
111,0.37,0.84,0.34,67.83,46.89,23.52,2,0
112,0.25,1.02,0.29,74.23,40.86,13.73,2,0
113,0.06,0.88,0.25,74.19,14.04,4.05,2,0
114,0.34,0.91,0.12,82.63,71.18,20.77,2,0
115,0.24,1.01,0.22,77.75,47.91,13.51,2,0
116,0.11,0.95,0.17,79.78,32.47,6.55,2,0
117,0.35,0.85,0.14,80.62,68.2,22.43,2,0
118,0.08,0.84,0.08,84.66,45,5.34,2,0
119,0.27,1.01,0.39,68.81,34.22,14.77,2,0
0,0.3,0.87,0.22,75.84,53.62,18.9,2,0
1,0.09,0.91,0.23,75.5,20.14,5.42,2,0
2,0.25,0.98,0.16,80.91,57.99,14.36,2,0
3,0.27,0.93,0.18,79.06,55.92,15.95,2,0
4,0.05,0.94,0.21,77.32,14.53,3.34,2,0
5,0.23,0.97,0.1,84.02,66.57,13.6,2,0
6,0.25,0.97,0.16,80.39,56.73,14.47,2,0
7,0.09,0.9,0.2,77.74,23.75,5.46,2,0
8,0.23,0.86,0.03,87.92,82.41,15.26,2,0
9,0.28,0.95,0.2,78.42,55.22,16.44,2,0
10,0.13,0.91,0.22,76.43,29.74,7.85,2,0
11,0.27,0.95,0.15,81.08,61.5,16.13,2,0
12,0.12,0.98,0.13,82.76,43.15,6.79,2,0
13,0.08,0.95,0.19,78.78,22.62,4.72,2,0
14,0.29,0.86,0.14,80.71,64.06,18.59,2,0
15,0.31,0.88,0.27,72.65,48.81,19.65,2,0
16,0.11,0.93,0.15,80.93,36.38,6.71,2,0
17,0.3,0.87,0.14,80.79,65.22,19.36,2,0
18,0.11,0.93,0.14,81.4,37.87,6.71,2,0
19,0.2,0.91,0.02,88.53,83.42,12.53,5,0
20,0.15,0.86,-0.13,98.79,131.82,9.8,5,0
21,-0.14,0.9,-0.41,114.74,-161.24,-8.9,5,0
22,-0.08,0.76,-0.55,126.2,-171.98,-5.89,5,0
23,0.06,0.67,-0.72,136.93,175.03,5.31,5,0
24,0.09,0.73,-0.7,133.74,172.32,7.35,5,0
25,0.36,1.34,-0.02,91,93.73,14.97,5,0
26,0.29,0.61,0.81,36.87,19.58,25.38,4,0
27,0.34,0.85,0.39,65.36,41.35,21.98,4,0
28,0.34,0.73,0.61,50.01,28.87,24.81,4,0
29,0.34,0.7,0.59,49.5,29.5,25.79,4,0
30,0.32,0.7,0.6,49.13,28.03,24.73,4,0
31,0.33,0.7,0.6,49.45,28.61,25.02,4,0
32,0.31,0.7,0.59,49.82,27.76,23.96,4,0
33,0.31,0.72,0.61,49.71,27.15,23.5,4,0
34,0.3,0.71,0.59,50.51,26.87,22.66,4,0
35,0.31,0.72,0.59,50.44,27.76,23.5,4,0
36,0.3,0.72,0.59,50.44,27.16,22.97,4,0
37,0.31,0.71,0.59,50.13,27.76,23.73,4,0
38,0.3,0.73,0.59,51.12,27.47,22.75,4,0
39,0.31,0.72,0.59,50.81,28.07,23.5,4,0
40,0.31,0.71,0.59,50.51,28.07,23.73,4,0
41,0.31,0.71,0.59,50.51,28.07,23.73,4,0
42,0.32,0.73,0.6,50.68,28.03,23.57,4,0
43,0.31,0.72,0.6,50.07,27.45,23.5,4,0
44,0.31,0.73,0.59,50.74,27.76,23.27,4,0
45,0.31,0.7,0.6,49.45,27.45,23.96,4,0
1,0.2,0.76,0.58,52.66,18.67,14.45,4,0
2,0.2,0.76,0.58,52.66,19.36,15,4,0
3,0.2,0.76,0.58,52.66,19.36,15,4,0
4,0.22,0.76,0.59,51.92,20.22,16.1,4,0
5,0.2,0.87,0.23,74.88,39.81,12.69,4,0
6,0.14,0.88,-0.22,104.04,147.26,9.13,6,0
7,0.16,0.88,-0.71,129.09,167.01,10.62,6,0
8,0.13,0.87,-0.56,122.97,167.47,8.2,6,0
9,0.15,0.78,0.07,84.86,64.65,10.76,6,0
10,0.21,0.73,0.54,53.72,21.37,16.03,6,0
11,0.2,0.81,0.52,57.21,20.46,13.52,1,0
12,0.2,0.81,0.5,58.39,22.11,14.04,1,0
13,0.2,0.8,0.52,57.35,20.75,13.64,1,0
14,0.22,0.8,0.47,59.53,25.02,15.35,1,0
15,0.01,0.86,0.38,66.43,1.19,0.52,2,0
16,0.23,0.99,0.26,75.43,42.27,13.29,2,0
17,0.23,0.77,0.41,62.29,29.98,16.86,2,0
18,0.13,0.94,0.21,77.32,32.2,8.06,2,0
19,0.04,0.85,0.45,61.98,4.93,2.63,2,0
20,0.29,0.77,0.34,66.04,40.06,20.49,2,0
21,0.02,0.88,0.16,79.38,8.13,1.53,2,0
22,0.07,0.85,0.3,70.78,13.32,4.72,2,0
23,0.27,0.64,0.02,88.6,86.73,23.11,2,1
24,-0.25,-0.52,-0.86,-149.04,-163.78,-154.13,2,1
25,-0.02,0.85,-1.18,144.18,-178.86,-1.58,2,1
26,0.06,0.57,-0.78,143.87,175.43,6.25,2,0
27,0.05,0.57,-0.76,143.04,175.87,5.48,0,0
28,0.05,0.58,-0.77,142.94,175.91,5.4,0,0
29,0.06,0.56,-0.77,143.7,175.33,6.34,0,0
30,0.07,0.58,-0.76,142.66,174.7,6.93,0,0
31,0.06,0.57,-0.75,142.75,175.24,6.25,0,0
32,0.06,0.58,-0.75,142.37,175.24,6.17,0,0
33,0.08,0.6,-0.73,140.68,173.93,7.4,0,0
34,0.09,0.62,-0.69,138.08,172.87,7.93,0,0
35,0.12,0.63,-0.69,137.37,170.33,10.49,0,0
36,0.12,0.64,-0.7,137.66,170.54,10.37,0,0
37,0.12,0.63,-0.7,138.01,170.54,10.49,0,0
38,0.11,0.63,-0.7,138.37,171.16,9.93,0,0
39,0.1,0.63,-0.7,138.37,171.78,9.23,0,0
40,0.13,0.63,-0.7,138.01,169.92,11.17,0,0
41,0.12,0.63,-0.7,138.37,170.54,10.62,0,0
42,0.12,0.63,-0.72,138.64,170.74,10.49,0,0
43,0.13,0.63,-0.73,138.95,170.24,11.17,0,0
44,-0.09,0.71,-0.41,120.22,-168.27,-6.89,1,0
45,-0.32,0.54,-0.64,139.92,-153.43,-30.72,1,0
46,0.17,0.38,-0.52,143.41,161.57,24.18,1,0
47,0.05,0.71,-0.57,128.74,175.3,3.77,1,0
48,-0.04,0.4,-0.91,156.45,-177.55,-5.6,1,0
49,-0.05,0.62,-1.38,155.95,-178.06,-4.34,1,0
50,0.04,0.63,-0.43,124.18,174.81,3.53,1,0
51,0.27,0.65,0.36,61,37.27,22.86,1,0
52,-0.02,0.82,0.48,59.85,-2.82,-1.64,1,0
53,0.32,0.66,0.41,57.75,37.72,26.02,1,0
54,0.22,1.33,0.26,79.01,40.31,9.35,1,0
1,0.27,0.74,0.57,52.46,24.97,19.69,Standing still,0
2,0.27,0.76,0.57,53.04,24.97,19.32,Standing still,0
3,0.28,0.77,0.55,54.08,26.89,20.17,Standing still,0
4,0.25,0.76,0.51,56.17,26.21,18.26,Standing still,0
5,0.24,0.81,0.22,74.93,47.91,16.6,Standing still,0
6,0.2,1,-0.43,113.25,155.56,11.05,Standing still,0
7,0.16,0.77,-0.63,129.29,166.13,11.42,Standing still,0
8,0.19,0.85,-0.48,119.23,158.52,12.42,Standing still,0
9,0.29,0.84,0.18,77.87,58.13,19.08,Standing still,0
10,0.31,0.73,0.5,55.75,32.01,23.05,Standing still,0
11,0.32,0.73,0.55,52.94,30,23.57,Standing still,0
12,0.27,0.79,0.51,57.24,28.3,19.11,Standing still,0
13,0.27,0.79,0.49,58.05,28.35,18.6,Standing still,0
14,0.05,0.82,0.45,61.5,7,3.81,Standing still,0
15,0.13,0.89,0.38,66.74,18.08,7.99,Standing still,0
16,0.34,0.81,0.23,74.42,56,22.46,Standing still,0
17,0.29,0.77,0.49,57.53,30.43,20.49,Standing still,0
18,0.13,0.75,0.4,62.02,17.42,9.46,Standing still,0
19,0.38,0.92,0.26,74.38,56.04,22.55,Standing still,0
20,0.38,0.77,0.42,61.14,42.22,26.57,Standing still,0
21,0.09,0.86,0.27,72.35,18.92,6.23,Standing still,0
22,0.28,0.95,-0.14,98.46,116.57,16.57,Standing still,1
23,0.11,0.6,-0.23,111.29,154.98,10.3,Standing still,1
24,0.05,-0.59,0.52,-48.65,6.05,174.67,Standing still,1
25,0.57,-0.66,0.58,-48.62,44.61,139.01,Standing still,1
26,0.93,0.09,0.47,10.39,63.24,84.72,Standing still,1
27,0.93,-0.2,0.41,-26.57,66.4,102.32,Standing still,0
28,0.92,-0.19,0.41,-24.78,66.22,101.5,Standing still,0
29,0.91,-0.16,0.41,-21.99,66.04,100.18,Standing still,0
30,1.06,-0.1,0.38,-15.15,70.56,95.46,Standing still,0
31,0.84,0.38,0.34,48.14,68.29,66.04,Standing still,0
32,0.84,0.45,0.31,54.94,69.5,61.96,Standing still,0
33,0.63,0.72,0.19,75.38,73.3,41.01,Standing still,0
34,0.35,0.87,0.07,85.36,78.69,22.07,Standing still,0
35,0.36,0.91,0.03,88.04,85.03,21.46,Standing still,0
36,0.37,0.72,0.41,60.05,41.57,27.06,Standing still,0
37,0.15,1.55,0.28,79.75,27.82,5.45,Standing still,0
38,0.62,0.63,0.15,76.64,76.48,44.64,Standing still,0
1,0.28,0.8,0.5,57.89,29.36,19.44,Standing still,0
2,0.29,0.78,0.5,57.38,30.03,20.3,Standing still,0
3,0.27,0.8,0.47,59.78,30.26,18.77,Standing still,0
4,0.25,0.79,0.25,72.42,45,17.58,Standing still,0
5,0.21,0.92,-0.41,113.78,152.56,12.89,Standing still,0
6,0.18,0.81,-0.59,125.8,162.95,12.47,Standing still,0
7,0.15,0.85,-0.63,126.62,166.8,9.89,Standing still,0
8,0.22,0.84,0.2,76.34,47.12,14.66,Standing still,0
9,0.24,0.75,0.56,53.13,23.29,17.9,Standing still,0
10,0.25,0.71,0.63,48.33,21.56,19.37,Standing still,0
11,0.26,0.72,0.59,50.81,23.75,19.73,Standing still,0
12,0.27,0.68,0.62,47.76,23.29,21.35,Standing still,0
13,0.27,0.8,0.44,61.47,31.26,18.27,Standing still,0
14,0.27,0.88,0.18,78.4,56.69,17.35,Standing still,0
15,0.23,0.93,-0.34,110.29,145.71,14.15,Standing still,0
16,0.19,0.8,-0.68,130.46,164.58,13.24,Standing still,0
17,0.2,0.88,-0.58,123.45,160.64,13.07,Standing still,0
18,0.24,0.87,-0.01,90.52,91.85,15.6,Standing still,0
19,0.28,0.79,0.36,65.51,38.05,19.62,Standing still,0
20,0.28,0.72,0.55,52.73,27.22,21.37,Standing still,0
21,0.27,0.76,0.54,54.57,26.23,19.32,Standing still,0
22,0.24,0.8,0.48,59.12,26.94,16.91,Standing still,0
23,0.1,0.88,0.4,65.52,14.3,6.62,Standing still,0
24,0.3,0.91,0.26,74.12,49.76,18.58,Standing still,0
25,0.37,0.8,0.35,66.19,46.25,24.74,Standing still,0
26,0.15,0.99,0.29,73.76,27.18,8.51,Standing still,0
27,0.19,0.8,0.4,63.66,25.2,13.12,Standing still,0
28,0.36,0.89,0.34,69.33,46.93,21.97,Standing still,0
29,0.31,0.99,0.48,63.98,32.83,17.48,Standing still,0
30,0.19,0.8,0.45,60.8,22.83,13.24,Standing still,0
31,0.29,0.88,0.13,81.87,66.61,18.28,Standing still,1
32,0.11,0.52,-0.27,117.58,158.2,11.8,Standing still,1
33,-0.63,-2.01,-0.97,-115.76,-147.17,-162.71,Standing still,1
34,-0.66,-0.21,0.69,-17.06,-44.01,-107.62,Standing still,1
35,-0.87,-0.07,0.47,-8.53,-61.61,-94.64,Standing still,0
36,-0.85,-0.09,0.43,-11.31,-63.23,-95.76,Standing still,0
37,-0.82,-0.07,0.43,-9.29,-62.35,-94.9,Standing still,0
38,-0.85,-0.06,0.41,-8.75,-64.5,-94.2,Standing still,0
39,-0.84,-0.07,0.42,-9.46,-63.22,-94.81,Standing still,0
40,-0.82,-0.07,0.45,-8.97,-61.5,-94.9,Standing still,0
41,-0.81,-0.07,0.48,-8.39,-59.61,-94.95,Standing still,0
42,-0.84,-0.08,0.45,-9.95,-61.96,-95.34,Standing still,0
43,-0.84,0.08,0.59,7.5,-54.87,-84.71,Standing still,0
44,-0.59,0.53,0.42,51.55,-54.61,-48.18,Standing still,0
45,-0.39,0.81,0.33,68.01,-49.97,-25.68,Standing still,0
46,0.23,0.94,-0.05,92.86,101.69,13.59,Standing still,0
1,0.3,0.67,0.66,45.67,24.9,24.39,Standing still,0
2,0.3,0.66,0.66,45,24.65,24.65,Standing still,0
3,0.32,0.67,0.66,45.34,25.75,25.49,Standing still,0
4,0.32,0.75,0.48,57.57,33.91,23.13,Standing still,0
5,0.3,0.88,0.27,72.65,47.35,18.74,Standing still,0
6,0.26,0.89,-0.14,98.97,118.61,16.14,Standing still,0
7,0.21,0.79,-0.65,129.41,161.98,14.97,Standing still,0
8,0.19,0.7,-0.64,132.66,163.69,15.09,Standing still,0
9,0.23,0.82,-0.41,116.78,150.49,15.95,Standing still,0
10,0.21,0.84,0.08,84.66,69.68,14.16,Standing still,0
11,0.23,0.82,0.38,65.43,31.14,15.44,Standing still,0
12,-0.07,0.92,0.34,69.98,-11.82,-4.36,Standing still,0
13,-0.06,0.88,0.34,68.55,-10.3,-4.09,Standing still,0
14,0.06,0.91,0.38,67.1,9.27,3.95,Standing still,0
15,0.49,0.8,0.3,69.08,58.24,31.7,Standing still,0
16,0.36,0.77,0.43,60.95,39.91,24.92,Standing still,0
17,0.11,0.82,0.32,68.67,18.85,7.59,Standing still,0
18,0.34,0.92,0.26,74.38,52.5,20.02,Standing still,0
19,0.34,0.79,0.41,62.76,39.59,23.06,Standing still,0
20,0.2,0.88,0.38,66.37,27.95,13.07,Standing still,0
21,0.4,0.86,0.35,67.75,48.58,24.87,Standing still,0
22,0.41,0.8,0.41,62.99,45.55,27.46,Standing still,0
23,0.25,0.81,0.44,61.7,29.74,17.1,Standing still,0
24,0.45,0.82,0.3,69.62,56.08,28.92,Standing still,0
25,0.27,0.87,0.28,72.03,43.36,17.03,Standing still,0
26,0.17,0.89,0.41,65.07,22.54,10.92,Standing still,0
27,0.39,0.78,0.2,75.43,62.53,26.57,Standing still,0
28,0.3,0.91,0.01,89.51,88.49,18.14,Standing still,1
29,0.22,0.59,-0.14,103.32,122.74,20.22,Standing still,1
30,-1.38,-4.2,2.5,-59.21,-28.95,-161.76,Standing still,1
31,0,-0.37,0.92,-21.72,0,180,Standing still,1
32,0.07,-0.38,0.97,-21.16,4.15,169.38,Standing still,0
33,0.08,-0.41,0.92,-23.78,4.84,169.11,Standing still,0
34,0.09,-0.42,0.93,-24.41,5.28,168.49,Standing still,0
35,0.09,-0.43,0.92,-24.99,5.33,168.69,Standing still,0
36,0.09,-0.44,0.91,-25.58,5.86,167.91,Standing still,0
37,0.09,-0.42,0.91,-24.78,5.37,168.49,Standing still,0
38,0.1,-0.44,0.92,-25.39,6.29,166.93,Standing still,0
39,0.09,-0.44,0.9,-25.96,5.96,167.91,Standing still,0
40,0.08,-0.44,0.93,-25.2,4.8,169.88,Standing still,0
41,0.09,-0.42,0.92,-24.59,5.81,167.47,Standing still,0
42,0.1,-0.43,0.92,-24.99,6.29,166.7,Standing still,0
43,0.09,-0.36,0.95,-20.82,5.66,165.38,Standing still,0
1,0.29,0.8,0.48,58.95,30.83,19.76,Standing still,0
2,0.28,0.81,0.48,59.2,30.14,19.09,Standing still,0
3,0.3,0.81,0.45,60.85,33.23,20.07,Standing still,0
4,0.27,0.81,0.46,60.43,30.68,18.6,Standing still,0
5,0.28,0.82,0.45,61.5,32.28,18.92,Standing still,0
6,0.27,0.83,0.45,61.73,31.55,18.27,Standing still,0
7,0.28,0.83,0.45,61.31,31.83,18.76,Standing still,0
8,0.27,0.83,0.44,62.15,32.01,18.27,Standing still,0
9,0.29,0.81,0.47,60.02,31.66,19.58,Standing still,0
10,0.29,0.82,0.41,63.22,34.92,19.41,Standing still,0
11,0.31,0.84,0.15,80.02,64.59,20.32,Standing still,1
12,0.12,1.07,-0.81,127.2,171.79,6.25,Standing still,1
13,-0.17,-3.45,0.23,-86.11,-36.25,-177.14,Standing still,1
14,0.24,-0.13,1.09,-6.57,12.57,117.3,Standing still,1
15,0.26,0.16,0.91,9.78,15.88,58.78,Standing still,1
16,0.36,0.58,0.7,39.74,27.33,31.87,Standing still,0
17,0.39,0.62,0.63,44.64,32.01,32.33,Standing still,0
18,0.4,0.71,0.59,50.51,34.22,29.27,Standing still,0
19,0.38,0.72,0.55,52.34,34.06,27.55,Standing still,0
20,0.38,0.77,0.47,58.78,39.24,26.33,Standing still,0
21,0.4,0.88,0.29,71.72,54.04,24.48,Standing still,0
22,0.34,0.85,0.3,70.78,49.18,21.98,Standing still,0
23,0.33,0.9,0.22,76.32,56.31,20.06,Standing still,0
24,0.34,0.88,0.24,74.66,54.21,20.83,Standing still,0
25,0.34,0.87,0.23,74.88,55.71,21.62,Standing still,0
26,0.34,0.87,0.27,72.5,51.5,21.62,Standing still,0
1,0.26,0.78,0.52,56.58,26.57,18.26,Standing still,0
2,0.27,0.79,0.51,57.24,27.61,18.6,Standing still,0
3,0.3,0.77,0.52,55.64,30.2,21.7,Standing still,0
4,0.13,0.89,0.41,65.48,17.1,7.99,Standing still,0
5,0.16,0.88,0.38,66.99,23.63,10.53,Standing still,0
6,0.38,0.92,0.21,77.11,60.64,22.14,Standing still,0
7,0.3,0.8,0.45,61.04,33.69,20.25,Standing still,0
8,0.05,1.13,0.26,77.18,11.98,2.76,Standing still,0
9,0.2,0.8,0.42,62.1,24.84,13.77,Standing still,0
10,0.45,0.84,0.29,70.92,57.01,28.04,Standing still,0
11,0.34,0.84,0.46,61.35,36.09,21.71,Standing still,0
12,0.23,0.85,0.44,62.81,27.38,14.9,Standing still,0
13,0.37,0.92,0.34,69.55,46.89,21.72,Standing still,0
14,0.39,0.74,0.4,61.77,44.43,27.76,Standing still,0
15,0.17,0.95,0.27,73.87,32.15,10.3,Standing still,0
16,0.31,0.69,0.27,68.88,49.64,24.44,Standing still,0
17,0.34,0.13,0.47,14.93,36.25,70.02,Standing still,0
18,0.2,0.63,0.02,88.59,85.43,17.15,Standing still,1
19,0.13,0.16,-0.44,159.44,163.11,38.99,Standing still,1
20,1.13,-0.77,0.08,-84.17,86.03,124.24,Standing still,1
21,1.05,-0.25,-0.05,-100.62,92.56,103.43,Standing still,1
22,0.98,-0.3,0.13,-65.9,82.26,106.91,Standing still,0
23,0.98,-0.28,0.14,-63.43,81.87,105.95,Standing still,0
24,0.98,-0.27,0.13,-65.43,82.71,105.64,Standing still,0
25,0.97,-0.28,0.13,-66.04,82.65,106.19,Standing still,0
26,0.98,-0.27,0.13,-64.09,82.26,105.64,Standing still,0
27,0.98,-0.27,0.13,-64.09,82.26,105.64,Standing still,0
28,0.98,-0.27,0.13,-64.09,82.26,105.64,Standing still,0
29,0.99,-0.28,0.13,-66.04,82.82,105.83,Standing still,0
30,0.98,-0.28,0.13,-64.72,82.26,106.07,Standing still,0
31,0.97,-0.28,0.14,-63.43,81.74,106.19,Standing still,0
32,0.98,-0.28,0.13,-64.72,82.26,106.07,Standing still,0
33,0.97,-0.27,0.14,-62.1,81.74,105.33,Standing still,0
1,0.37,0.79,0.42,61.87,41.04,24.95,Standing still,0
2,0.35,0.83,0.36,66.54,44.37,23,Standing still,0
3,0.3,0.87,0.34,68.38,40.82,18.9,Standing still,0
4,0.23,0.88,0.33,69.44,34.62,14.52,Standing still,0
5,0.02,0.9,0.33,69.94,4.09,1.49,Standing still,0
6,0.38,0.77,0.32,67.5,50.08,26.33,Standing still,0
7,0.37,0.8,0.41,63.21,42.11,24.53,Standing still,0
8,0.17,0.91,0.36,68.54,25.56,10.65,Standing still,0
9,0.29,0.98,0.35,70.35,39.43,16.36,Standing still,0
10,0.37,0.8,0.31,68.59,49.6,24.74,Standing still,0
11,0.13,0.73,0.2,74.54,33.18,10.25,Standing still,0
12,0.14,0.88,0.41,65.1,19.09,9.13,Standing still,0
13,0.38,0.96,0.34,70.32,48.08,21.72,Standing still,0
14,0.28,0.95,0.45,64.78,32.28,16.57,Standing still,0
15,0.12,0.84,0.41,63.86,15.8,7.91,Standing still,0
16,0.39,0.8,0.14,79.99,70.2,26.11,Standing still,0
17,0.27,0.8,0.3,69.75,42.65,18.77,Standing still,0
18,0.16,0.67,0.38,60.33,23.2,13.72,Standing still,0
19,0.4,1.2,0.13,83.7,71.57,18.32,Standing still,0
20,0.16,0.23,0.05,76.43,71.57,35.91,Standing still,1
21,0.06,0.68,-0.6,131.51,174.07,5.25,Standing still,1
22,-0.03,0.55,-0.78,144.63,-177.71,-3.22,Standing still,1
23,0,0.52,-0.81,147.6,180,0,Standing still,0
24,0.01,0.49,-0.81,148.79,179.45,0.91,Standing still,0
25,0.01,0.51,-0.82,148.24,179.45,0.88,Standing still,0
26,0,0.5,-0.83,148.88,180,0,Standing still,0
27,0.01,0.51,-0.81,147.99,179.45,0.88,Standing still,0
28,0,0.51,-0.82,148.24,180,0,Standing still,0
29,0.01,0.5,-0.81,148.39,179.45,0.9,Standing still,0
30,0.01,0.51,-0.81,147.99,179.45,0.88,Standing still,0
31,0.06,0.59,-0.74,141.34,175.19,6.01,Standing still,0
32,0.09,0.66,-0.71,137.29,172.49,8.13,Standing still,0
33,0.09,0.64,-0.7,137.34,172.32,8.33,Standing still,0
1,0.27,0.81,0.45,60.85,30.38,18.1,Standing still,0
2,0.27,0.84,0.43,62.8,31.72,17.63,Standing still,0
3,0.27,0.82,0.44,61.93,31.26,17.94,Standing still,0
4,0.28,0.83,0.45,61.73,32.28,18.76,Standing still,0
5,0.16,0.85,0.4,64.93,22.38,10.91,Standing still,0
6,0.05,0.91,0.33,70.25,9.46,3.42,Standing still,0
7,0.4,0.88,0.34,68.55,49.21,24.48,Standing still,0
8,0.28,0.96,0.51,62.15,28.98,16.31,Standing still,0
9,0.15,0.82,0.41,63.22,19.72,10.26,Standing still,0
10,0.38,0.97,0.27,74.67,54.69,21.16,Standing still,0
11,0.23,1.01,0.31,72.77,36.87,13.09,Standing still,0
12,0.13,0.85,0.4,64.93,17.42,8.35,Standing still,0
13,0.35,0.7,0.34,63.69,45.64,26.82,Standing still,0
14,-0.08,0.98,-0.25,104.36,-162.65,-4.57,Standing still,1
15,0.02,0.65,-0.48,126.31,177.18,2.07,Standing still,1
16,-0.54,-0.48,0.79,-31.13,-34.34,-131.48,Standing still,1
17,-0.63,-0.13,0.71,-9.97,-41.67,-101.17,Standing still,0
18,-0.88,-0.01,0.38,-1.17,-66.37,-90.51,Standing still,0
19,-0.81,0.01,0.49,0.91,-58.79,-89.45,Standing still,0
20,-0.81,-0.02,0.5,-1.79,-58.39,-91.1,Standing still,0
21,-0.81,0.01,0.5,0.9,-58.39,-89.45,Standing still,0
22,-0.79,-0.01,0.52,-0.87,-56.84,-90.57,Standing still,0
23,-0.8,0,0.52,0,-56.7,-90,Standing still,0
24,-0.78,-0.02,0.52,-1.71,-56.18,-91.15,Standing still,0